month,origin,destination,estimate,lower,upper,status
2026-04,Adja,Ariwara,85,47,154,ok
2026-04,Adja,Aru,,,,suppressed
2026-04,Adja,Aungba,,,,suppressed
2026-04,Adja,Beni,,,,suppressed
2026-04,Adja,Bunia,,,,suppressed
2026-04,Adja,Isiro,,,,suppressed
2026-04,Adja,Kambala,,,,suppressed
2026-04,Adja,Katwa,,,,suppressed
2026-04,Adja,Logo,,,,suppressed
2026-04,Adja,Mahagi,,,,suppressed
2026-04,Adja,Mongbwalu,,,,suppressed
2026-04,Adja,Rimba,,,,suppressed
2026-04,Adja,Wamba,,,,suppressed
2026-04,Ariwara,Aru,510,409,635,ok
2026-04,Ariwara,Isiro,158,122,205,ok
2026-04,Ariwara,Adja,141,77,256,ok
2026-04,Ariwara,Bunia,71,62,81,ok
2026-04,Ariwara,Logo,26,20,35,ok
2026-04,Ariwara,Damas,23,16,33,ok
2026-04,Ariwara,Rwampara,23,20,26,ok
2026-04,Ariwara,Rungu,22,,35,ok
2026-04,Ariwara,Aungba,20,15,27,ok
2026-04,Ariwara,Bambu,,,,suppressed
2026-04,Ariwara,Beni,,,,suppressed
2026-04,Ariwara,Boga,,,,suppressed
2026-04,Ariwara,Boma Mangbetu,,,,suppressed
2026-04,Ariwara,Butembo,,,,suppressed
2026-04,Ariwara,Drodro,,,,suppressed
2026-04,Ariwara,Fataki,,,,suppressed
2026-04,Ariwara,Gety,,,,suppressed
2026-04,Ariwara,Goma,,,,suppressed
2026-04,Ariwara,Kabondo,,,,suppressed
2026-04,Ariwara,Kalunguta,,,,suppressed
2026-04,Ariwara,Kambala,,,,suppressed
2026-04,Ariwara,Katwa,,,,suppressed
2026-04,Ariwara,Kilo,,,,suppressed
2026-04,Ariwara,Komanda,,,,suppressed
2026-04,Ariwara,Kyondo,,,,suppressed
2026-04,Ariwara,Lita,,,,suppressed
2026-04,Ariwara,Lolwa,,,,suppressed
2026-04,Ariwara,Lubero,,,,suppressed
2026-04,Ariwara,Lubunga,,,,suppressed
2026-04,Ariwara,Mabalako,,,,suppressed
2026-04,Ariwara,Mahagi,,,,suppressed
2026-04,Ariwara,Makiso-Kisangani,,,,suppressed
2026-04,Ariwara,Mambasa,,,,suppressed
2026-04,Ariwara,Mandima,,,,suppressed
2026-04,Ariwara,Mangobo,,,,suppressed
2026-04,Ariwara,Masereka,,,,suppressed
2026-04,Ariwara,Mongbwalu,,,,suppressed
2026-04,Ariwara,Musienene,,,,suppressed
2026-04,Ariwara,Nia-Nia,,,,suppressed
2026-04,Ariwara,Nizi,,,,suppressed
2026-04,Ariwara,Nyankunde,,,,suppressed
2026-04,Ariwara,Oicha,,,,suppressed
2026-04,Ariwara,Pawa,,,,suppressed
2026-04,Ariwara,Rimba,,,,suppressed
2026-04,Ariwara,Tchomia,,,,suppressed
2026-04,Ariwara,Wamba,,,,suppressed
2026-04,Aru,Aungba,555,403,765,ok
2026-04,Aru,Ariwara,511,410,637,ok
2026-04,Aru,Bunia,88,77,101,ok
2026-04,Aru,Isiro,88,68,115,ok
2026-04,Aru,Mahagi,42,34,52,ok
2026-04,Aru,Kambala,36,24,54,ok
2026-04,Aru,Rwampara,30,26,34,ok
2026-04,Aru,Adja,,,,suppressed
2026-04,Aru,Bambu,,,,suppressed
2026-04,Aru,Beni,,,,suppressed
2026-04,Aru,Boga,,,,suppressed
2026-04,Aru,Boma Mangbetu,,,,suppressed
2026-04,Aru,Butembo,,,,suppressed
2026-04,Aru,Damas,,,,suppressed
2026-04,Aru,Drodro,,,,suppressed
2026-04,Aru,Fataki,,,,suppressed
2026-04,Aru,Gety,,,,suppressed
2026-04,Aru,Goma,,,,suppressed
2026-04,Aru,Kabondo,,,,suppressed
2026-04,Aru,Kalunguta,,,,suppressed
2026-04,Aru,Katwa,,,,suppressed
2026-04,Aru,Komanda,,,,suppressed
2026-04,Aru,Kyondo,,,,suppressed
2026-04,Aru,Lita,,,,suppressed
2026-04,Aru,Logo,,,,suppressed
2026-04,Aru,Lolwa,,,,suppressed
2026-04,Aru,Lubero,,,,suppressed
2026-04,Aru,Lubunga,,,,suppressed
2026-04,Aru,Mabalako,,,,suppressed
2026-04,Aru,Makiso-Kisangani,,,,suppressed
2026-04,Aru,Mambasa,,,,suppressed
2026-04,Aru,Mandima,,,,suppressed
2026-04,Aru,Mangobo,,,,suppressed
2026-04,Aru,Masereka,,,,suppressed
2026-04,Aru,Miti-Murhesa,,,,suppressed
2026-04,Aru,Mongbwalu,,,,suppressed
2026-04,Aru,Musienene,,,,suppressed
2026-04,Aru,Nia-Nia,,,,suppressed
2026-04,Aru,Nizi,,,,suppressed
2026-04,Aru,Nyankunde,,,,suppressed
2026-04,Aru,Oicha,,,,suppressed
2026-04,Aru,Pawa,,,,suppressed
2026-04,Aru,Rimba,,,,suppressed
2026-04,Aru,Rungu,,,,suppressed
2026-04,Aru,Tchomia,,,,suppressed
2026-04,Aru,Wamba,,,,suppressed
2026-04,Aru,Wanie-Rukula,,,,suppressed
2026-04,Aungba,Kambala,501,299,839,ok
2026-04,Aungba,Aru,452,328,623,ok
2026-04,Aungba,Logo,166,113,244,ok
2026-04,Aungba,Mahagi,134,98,183,ok
2026-04,Aungba,Rimba,110,70,175,ok
2026-04,Aungba,Damas,56,35,91,ok
2026-04,Aungba,Bunia,36,28,45,ok
2026-04,Aungba,Mongbwalu,26,20,34,ok
2026-04,Aungba,Ariwara,24,18,33,ok
2026-04,Aungba,Rwampara,20,16,25,ok
2026-04,Aungba,Adja,,,,suppressed
2026-04,Aungba,Bambu,,,,suppressed
2026-04,Aungba,Beni,,,,suppressed
2026-04,Aungba,Boga,,,,suppressed
2026-04,Aungba,Butembo,,,,suppressed
2026-04,Aungba,Drodro,,,,suppressed
2026-04,Aungba,Fataki,,,,suppressed
2026-04,Aungba,Gety,,,,suppressed
2026-04,Aungba,Goma,,,,suppressed
2026-04,Aungba,Isiro,,,,suppressed
2026-04,Aungba,Kabondo,,,,suppressed
2026-04,Aungba,Kalunguta,,,,suppressed
2026-04,Aungba,Katwa,,,,suppressed
2026-04,Aungba,Komanda,,,,suppressed
2026-04,Aungba,Kyondo,,,,suppressed
2026-04,Aungba,Lita,,,,suppressed
2026-04,Aungba,Lolwa,,,,suppressed
2026-04,Aungba,Lubero,,,,suppressed
2026-04,Aungba,Mabalako,,,,suppressed
2026-04,Aungba,Makiso-Kisangani,,,,suppressed
2026-04,Aungba,Mambasa,,,,suppressed
2026-04,Aungba,Mandima,,,,suppressed
2026-04,Aungba,Mangobo,,,,suppressed
2026-04,Aungba,Masereka,,,,suppressed
2026-04,Aungba,Musienene,,,,suppressed
2026-04,Aungba,Nia-Nia,,,,suppressed
2026-04,Aungba,Nizi,,,,suppressed
2026-04,Aungba,Nyankunde,,,,suppressed
2026-04,Aungba,Oicha,,,,suppressed
2026-04,Aungba,Pawa,,,,suppressed
2026-04,Aungba,Rungu,,,,suppressed
2026-04,Aungba,Tchomia,,,,suppressed
2026-04,Aungba,Wamba,,,,suppressed
2026-04,Bambu,Mongbwalu,1155,924,1444,ok
2026-04,Bambu,Nizi,973,767,1236,ok
2026-04,Bambu,Bunia,524,432,636,ok
2026-04,Bambu,Rwampara,293,239,358,ok
2026-04,Bambu,Damas,185,120,286,ok
2026-04,Bambu,Drodro,84,57,125,ok
2026-04,Bambu,Nyankunde,42,30,61,ok
2026-04,Bambu,Komanda,40,28,55,ok
2026-04,Bambu,Lita,38,26,54,ok
2026-04,Bambu,Logo,22,16,31,ok
2026-04,Bambu,Katwa,18,,24,ok
2026-04,Bambu,Butembo,17,,25,ok
2026-04,Bambu,Fataki,16,,23,ok
2026-04,Bambu,Ariwara,,,,suppressed
2026-04,Bambu,Aru,,,,suppressed
2026-04,Bambu,Aungba,,,,suppressed
2026-04,Bambu,Beni,,,,suppressed
2026-04,Bambu,Boga,,,,suppressed
2026-04,Bambu,Gety,,,,suppressed
2026-04,Bambu,Goma,,,,suppressed
2026-04,Bambu,Isiro,,,,suppressed
2026-04,Bambu,Kabondo,,,,suppressed
2026-04,Bambu,Kalunguta,,,,suppressed
2026-04,Bambu,Kambala,,,,suppressed
2026-04,Bambu,Kilo,,,,suppressed
2026-04,Bambu,Kyondo,,,,suppressed
2026-04,Bambu,Lolwa,,,,suppressed
2026-04,Bambu,Lubero,,,,suppressed
2026-04,Bambu,Lubunga,,,,suppressed
2026-04,Bambu,Mabalako,,,,suppressed
2026-04,Bambu,Mahagi,,,,suppressed
2026-04,Bambu,Makiso-Kisangani,,,,suppressed
2026-04,Bambu,Mambasa,,,,suppressed
2026-04,Bambu,Mandima,,,,suppressed
2026-04,Bambu,Mangobo,,,,suppressed
2026-04,Bambu,Masereka,,,,suppressed
2026-04,Bambu,Miti-Murhesa,,,,suppressed
2026-04,Bambu,Musienene,,,,suppressed
2026-04,Bambu,Nia-Nia,,,,suppressed
2026-04,Bambu,Oicha,,,,suppressed
2026-04,Bambu,Pawa,,,,suppressed
2026-04,Bambu,Rimba,,,,suppressed
2026-04,Bambu,Rungu,,,,suppressed
2026-04,Bambu,Tchomia,,,,suppressed
2026-04,Bambu,Wamba,,,,suppressed
2026-04,Beni,Katwa,525,390,706,ok
2026-04,Beni,Oicha,525,345,798,ok
2026-04,Beni,Mandima,524,391,703,ok
2026-04,Beni,Mabalako,356,231,547,ok
2026-04,Beni,Komanda,253,183,350,ok
2026-04,Beni,Kalunguta,206,127,334,ok
2026-04,Beni,Butembo,181,124,264,ok
2026-04,Beni,Mambasa,144,112,186,ok
2026-04,Beni,Bunia,122,101,147,ok
2026-04,Beni,Goma,113,77,165,ok
2026-04,Beni,Rwampara,105,87,128,ok
2026-04,Beni,Musienene,96,62,147,ok
2026-04,Beni,Makiso-Kisangani,95,78,117,ok
2026-04,Beni,Kyondo,77,49,120,ok
2026-04,Beni,Mongbwalu,73,59,91,ok
2026-04,Beni,Lubero,59,37,94,ok
2026-04,Beni,Nia-Nia,56,47,67,ok
2026-04,Beni,Lolwa,44,28,69,ok
2026-04,Beni,Masereka,37,22,63,ok
2026-04,Beni,Isiro,33,24,45,ok
2026-04,Beni,Kabondo,26,20,33,ok
2026-04,Beni,Ariwara,,,,suppressed
2026-04,Beni,Aru,,,,suppressed
2026-04,Beni,Aungba,,,,suppressed
2026-04,Beni,Bambu,,,,suppressed
2026-04,Beni,Boga,,,,suppressed
2026-04,Beni,Boma Mangbetu,,,,suppressed
2026-04,Beni,Damas,,,,suppressed
2026-04,Beni,Drodro,,,,suppressed
2026-04,Beni,Fataki,,,,suppressed
2026-04,Beni,Gety,,,,suppressed
2026-04,Beni,Kambala,,,,suppressed
2026-04,Beni,Kilo,,,,suppressed
2026-04,Beni,Lita,,,,suppressed
2026-04,Beni,Logo,,,,suppressed
2026-04,Beni,Lubunga,,,,suppressed
2026-04,Beni,Mahagi,,,,suppressed
2026-04,Beni,Mangobo,,,,suppressed
2026-04,Beni,Miti-Murhesa,,,,suppressed
2026-04,Beni,Nizi,,,,suppressed
2026-04,Beni,Nyankunde,,,,suppressed
2026-04,Beni,Pawa,,,,suppressed
2026-04,Beni,Rimba,,,,suppressed
2026-04,Beni,Rungu,,,,suppressed
2026-04,Beni,Tchomia,,,,suppressed
2026-04,Beni,Wamba,,,,suppressed
2026-04,Beni,Wanie-Rukula,,,,suppressed
2026-04,Boga,Gety,304,193,480,ok
2026-04,Boga,Bunia,110,86,140,ok
2026-04,Boga,Komanda,49,33,71,ok
2026-04,Boga,Rwampara,44,34,56,ok
2026-04,Boga,Nyankunde,23,15,34,ok
2026-04,Boga,Mongbwalu,22,17,28,ok
2026-04,Boga,Oicha,21,,34,ok
2026-04,Boga,Ariwara,,,,suppressed
2026-04,Boga,Aru,,,,suppressed
2026-04,Boga,Aungba,,,,suppressed
2026-04,Boga,Bambu,,,,suppressed
2026-04,Boga,Beni,,,,suppressed
2026-04,Boga,Butembo,,,,suppressed
2026-04,Boga,Damas,,,,suppressed
2026-04,Boga,Drodro,,,,suppressed
2026-04,Boga,Fataki,,,,suppressed
2026-04,Boga,Goma,,,,suppressed
2026-04,Boga,Isiro,,,,suppressed
2026-04,Boga,Kabondo,,,,suppressed
2026-04,Boga,Kalunguta,,,,suppressed
2026-04,Boga,Kambala,,,,suppressed
2026-04,Boga,Katwa,,,,suppressed
2026-04,Boga,Kyondo,,,,suppressed
2026-04,Boga,Lita,,,,suppressed
2026-04,Boga,Logo,,,,suppressed
2026-04,Boga,Lolwa,,,,suppressed
2026-04,Boga,Lubero,,,,suppressed
2026-04,Boga,Lubunga,,,,suppressed
2026-04,Boga,Mabalako,,,,suppressed
2026-04,Boga,Mahagi,,,,suppressed
2026-04,Boga,Makiso-Kisangani,,,,suppressed
2026-04,Boga,Mambasa,,,,suppressed
2026-04,Boga,Mandima,,,,suppressed
2026-04,Boga,Masereka,,,,suppressed
2026-04,Boga,Musienene,,,,suppressed
2026-04,Boga,Nia-Nia,,,,suppressed
2026-04,Boga,Nizi,,,,suppressed
2026-04,Boga,Rimba,,,,suppressed
2026-04,Boga,Rungu,,,,suppressed
2026-04,Boga,Tchomia,,,,suppressed
2026-04,Boga,Wamba,,,,suppressed
2026-04,Boga,Wanie-Rukula,,,,suppressed
2026-04,Boma Mangbetu,Pawa,253,132,485,ok
2026-04,Boma Mangbetu,Wamba,199,112,353,ok
2026-04,Boma Mangbetu,Nia-Nia,92,61,140,ok
2026-04,Boma Mangbetu,Isiro,43,25,76,ok
2026-04,Boma Mangbetu,Ariwara,,,,suppressed
2026-04,Boma Mangbetu,Aru,,,,suppressed
2026-04,Boma Mangbetu,Beni,,,,suppressed
2026-04,Boma Mangbetu,Bunia,,,,suppressed
2026-04,Boma Mangbetu,Butembo,,,,suppressed
2026-04,Boma Mangbetu,Goma,,,,suppressed
2026-04,Boma Mangbetu,Kabondo,,,,suppressed
2026-04,Boma Mangbetu,Kalunguta,,,,suppressed
2026-04,Boma Mangbetu,Katwa,,,,suppressed
2026-04,Boma Mangbetu,Komanda,,,,suppressed
2026-04,Boma Mangbetu,Kyondo,,,,suppressed
2026-04,Boma Mangbetu,Lubero,,,,suppressed
2026-04,Boma Mangbetu,Mahagi,,,,suppressed
2026-04,Boma Mangbetu,Makiso-Kisangani,,,,suppressed
2026-04,Boma Mangbetu,Mambasa,,,,suppressed
2026-04,Boma Mangbetu,Mandima,,,,suppressed
2026-04,Boma Mangbetu,Mangobo,,,,suppressed
2026-04,Boma Mangbetu,Masereka,,,,suppressed
2026-04,Boma Mangbetu,Mongbwalu,,,,suppressed
2026-04,Boma Mangbetu,Musienene,,,,suppressed
2026-04,Boma Mangbetu,Oicha,,,,suppressed
2026-04,Boma Mangbetu,Rungu,,,,suppressed
2026-04,Boma Mangbetu,Rwampara,,,,suppressed
2026-04,Bunia,Rwampara,4130,3897,4376,ok
2026-04,Bunia,Nizi,1656,1501,1829,ok
2026-04,Bunia,Mongbwalu,1293,1200,1393,ok
2026-04,Bunia,Bambu,606,499,736,ok
2026-04,Bunia,Lita,471,379,584,ok
2026-04,Bunia,Tchomia,449,384,525,ok
2026-04,Bunia,Komanda,246,204,297,ok
2026-04,Bunia,Nyankunde,199,160,247,ok
2026-04,Bunia,Mahagi,184,162,210,ok
2026-04,Bunia,Drodro,167,130,215,ok
2026-04,Bunia,Katwa,154,131,181,ok
2026-04,Bunia,Gety,141,108,183,ok
2026-04,Bunia,Damas,131,98,175,ok
2026-04,Bunia,Beni,126,104,152,ok
2026-04,Bunia,Fataki,118,94,148,ok
2026-04,Bunia,Makiso-Kisangani,116,109,125,ok
2026-04,Bunia,Aru,113,99,130,ok
2026-04,Bunia,Boga,108,85,138,ok
2026-04,Bunia,Logo,108,88,134,ok
2026-04,Bunia,Mambasa,79,70,89,ok
2026-04,Bunia,Ariwara,66,58,75,ok
2026-04,Bunia,Isiro,61,51,73,ok
2026-04,Bunia,Mandima,50,42,58,ok
2026-04,Bunia,Nia-Nia,48,47,50,ok
2026-04,Bunia,Kabondo,45,39,51,ok
2026-04,Bunia,Goma,42,33,53,ok
2026-04,Bunia,Butembo,35,27,45,ok
2026-04,Bunia,Rimba,32,25,42,ok
2026-04,Bunia,Oicha,29,22,39,ok
2026-04,Bunia,Lolwa,22,16,31,ok
2026-04,Bunia,Kambala,21,15,29,ok
2026-04,Bunia,Wamba,20,17,25,ok
2026-04,Bunia,Adja,,,,suppressed
2026-04,Bunia,Aungba,,,,suppressed
2026-04,Bunia,Boma Mangbetu,,,,suppressed
2026-04,Bunia,Kalunguta,,,,suppressed
2026-04,Bunia,Kilo,,,,suppressed
2026-04,Bunia,Kyondo,,,,suppressed
2026-04,Bunia,Lubero,,,,suppressed
2026-04,Bunia,Lubunga,,,,suppressed
2026-04,Bunia,Mabalako,,,,suppressed
2026-04,Bunia,Mangobo,,,,suppressed
2026-04,Bunia,Masereka,,,,suppressed
2026-04,Bunia,Miti-Murhesa,,,,suppressed
2026-04,Bunia,Musienene,,,,suppressed
2026-04,Bunia,Pawa,,,,suppressed
2026-04,Bunia,Rungu,,,,suppressed
2026-04,Bunia,Wanie-Rukula,,,,suppressed
2026-04,Butembo,Katwa,8142,5700,11630,ok
2026-04,Butembo,Musienene,1898,1164,3097,ok
2026-04,Butembo,Beni,216,148,316,ok
2026-04,Butembo,Kalunguta,154,90,266,ok
2026-04,Butembo,Lubero,149,88,253,ok
2026-04,Butembo,Mandima,105,74,150,ok
2026-04,Butembo,Masereka,86,48,154,ok
2026-04,Butembo,Isiro,80,55,115,ok
2026-04,Butembo,Komanda,80,55,118,ok
2026-04,Butembo,Wamba,80,55,117,ok
2026-04,Butembo,Kyondo,78,47,129,ok
2026-04,Butembo,Mongbwalu,73,56,96,ok
2026-04,Butembo,Mambasa,68,50,93,ok
2026-04,Butembo,Nia-Nia,60,48,76,ok
2026-04,Butembo,Bunia,53,42,68,ok
2026-04,Butembo,Rwampara,50,39,65,ok
2026-04,Butembo,Makiso-Kisangani,42,32,54,ok
2026-04,Butembo,Mabalako,41,25,66,ok
2026-04,Butembo,Oicha,36,23,58,ok
2026-04,Butembo,Kabondo,23,16,31,ok
2026-04,Butembo,Goma,21,,33,ok
2026-04,Butembo,Ariwara,,,,suppressed
2026-04,Butembo,Aru,,,,suppressed
2026-04,Butembo,Aungba,,,,suppressed
2026-04,Butembo,Bambu,,,,suppressed
2026-04,Butembo,Boga,,,,suppressed
2026-04,Butembo,Boma Mangbetu,,,,suppressed
2026-04,Butembo,Damas,,,,suppressed
2026-04,Butembo,Drodro,,,,suppressed
2026-04,Butembo,Fataki,,,,suppressed
2026-04,Butembo,Gety,,,,suppressed
2026-04,Butembo,Kilo,,,,suppressed
2026-04,Butembo,Lita,,,,suppressed
2026-04,Butembo,Logo,,,,suppressed
2026-04,Butembo,Lolwa,,,,suppressed
2026-04,Butembo,Lubunga,,,,suppressed
2026-04,Butembo,Mahagi,,,,suppressed
2026-04,Butembo,Mangobo,,,,suppressed
2026-04,Butembo,Miti-Murhesa,,,,suppressed
2026-04,Butembo,Nizi,,,,suppressed
2026-04,Butembo,Nyankunde,,,,suppressed
2026-04,Butembo,Pawa,,,,suppressed
2026-04,Butembo,Rimba,,,,suppressed
2026-04,Butembo,Rungu,,,,suppressed
2026-04,Butembo,Tchomia,,,,suppressed
2026-04,Butembo,Wanie-Rukula,,,,suppressed
2026-04,Damas,Mongbwalu,500,365,687,ok
2026-04,Damas,Bambu,211,137,326,ok
2026-04,Damas,Bunia,157,117,210,ok
2026-04,Damas,Nizi,115,83,161,ok
2026-04,Damas,Aungba,68,42,110,ok
2026-04,Damas,Logo,64,41,100,ok
2026-04,Damas,Kambala,35,20,61,ok
2026-04,Damas,Rwampara,30,23,41,ok
2026-04,Damas,Rimba,27,16,45,ok
2026-04,Damas,Drodro,16,,25,ok
2026-04,Damas,Ariwara,,,,suppressed
2026-04,Damas,Aru,,,,suppressed
2026-04,Damas,Beni,,,,suppressed
2026-04,Damas,Boga,,,,suppressed
2026-04,Damas,Boma Mangbetu,,,,suppressed
2026-04,Damas,Butembo,,,,suppressed
2026-04,Damas,Fataki,,,,suppressed
2026-04,Damas,Gety,,,,suppressed
2026-04,Damas,Goma,,,,suppressed
2026-04,Damas,Isiro,,,,suppressed
2026-04,Damas,Kabondo,,,,suppressed
2026-04,Damas,Kalunguta,,,,suppressed
2026-04,Damas,Katwa,,,,suppressed
2026-04,Damas,Kilo,,,,suppressed
2026-04,Damas,Komanda,,,,suppressed
2026-04,Damas,Kyondo,,,,suppressed
2026-04,Damas,Lita,,,,suppressed
2026-04,Damas,Lolwa,,,,suppressed
2026-04,Damas,Lubero,,,,suppressed
2026-04,Damas,Lubunga,,,,suppressed
2026-04,Damas,Mabalako,,,,suppressed
2026-04,Damas,Mahagi,,,,suppressed
2026-04,Damas,Makiso-Kisangani,,,,suppressed
2026-04,Damas,Mambasa,,,,suppressed
2026-04,Damas,Mandima,,,,suppressed
2026-04,Damas,Mangobo,,,,suppressed
2026-04,Damas,Masereka,,,,suppressed
2026-04,Damas,Miti-Murhesa,,,,suppressed
2026-04,Damas,Musienene,,,,suppressed
2026-04,Damas,Nia-Nia,,,,suppressed
2026-04,Damas,Nyankunde,,,,suppressed
2026-04,Damas,Oicha,,,,suppressed
2026-04,Damas,Pawa,,,,suppressed
2026-04,Damas,Rungu,,,,suppressed
2026-04,Damas,Tchomia,,,,suppressed
2026-04,Damas,Wamba,,,,suppressed
2026-04,Drodro,Nizi,624,462,841,ok
2026-04,Drodro,Bunia,251,195,323,ok
2026-04,Drodro,Fataki,180,118,275,ok
2026-04,Drodro,Rwampara,96,74,125,ok
2026-04,Drodro,Bambu,80,54,118,ok
2026-04,Drodro,Mongbwalu,43,33,57,ok
2026-04,Drodro,Tchomia,40,28,57,ok
2026-04,Drodro,Lita,21,,31,ok
2026-04,Drodro,Ariwara,,,,suppressed
2026-04,Drodro,Aru,,,,suppressed
2026-04,Drodro,Aungba,,,,suppressed
2026-04,Drodro,Beni,,,,suppressed
2026-04,Drodro,Boga,,,,suppressed
2026-04,Drodro,Butembo,,,,suppressed
2026-04,Drodro,Damas,,,,suppressed
2026-04,Drodro,Gety,,,,suppressed
2026-04,Drodro,Goma,,,,suppressed
2026-04,Drodro,Isiro,,,,suppressed
2026-04,Drodro,Kabondo,,,,suppressed
2026-04,Drodro,Kalunguta,,,,suppressed
2026-04,Drodro,Kambala,,,,suppressed
2026-04,Drodro,Katwa,,,,suppressed
2026-04,Drodro,Kilo,,,,suppressed
2026-04,Drodro,Komanda,,,,suppressed
2026-04,Drodro,Logo,,,,suppressed
2026-04,Drodro,Lolwa,,,,suppressed
2026-04,Drodro,Lubero,,,,suppressed
2026-04,Drodro,Lubunga,,,,suppressed
2026-04,Drodro,Mabalako,,,,suppressed
2026-04,Drodro,Mahagi,,,,suppressed
2026-04,Drodro,Makiso-Kisangani,,,,suppressed
2026-04,Drodro,Mambasa,,,,suppressed
2026-04,Drodro,Mandima,,,,suppressed
2026-04,Drodro,Mangobo,,,,suppressed
2026-04,Drodro,Miti-Murhesa,,,,suppressed
2026-04,Drodro,Nia-Nia,,,,suppressed
2026-04,Drodro,Nyankunde,,,,suppressed
2026-04,Drodro,Oicha,,,,suppressed
2026-04,Drodro,Pawa,,,,suppressed
2026-04,Drodro,Rimba,,,,suppressed
2026-04,Drodro,Wamba,,,,suppressed
2026-04,Fataki,Bunia,673,537,844,ok
2026-04,Fataki,Drodro,624,408,953,ok
2026-04,Fataki,Nizi,467,356,612,ok
2026-04,Fataki,Logo,154,106,226,ok
2026-04,Fataki,Rimba,93,60,146,ok
2026-04,Fataki,Mongbwalu,89,69,114,ok
2026-04,Fataki,Bambu,83,58,121,ok
2026-04,Fataki,Rwampara,56,44,70,ok
2026-04,Fataki,Lita,35,24,52,ok
2026-04,Fataki,Mahagi,33,24,44,ok
2026-04,Fataki,Aru,16,,22,ok
2026-04,Fataki,Tchomia,15,,20,ok
2026-04,Fataki,Adja,,,,suppressed
2026-04,Fataki,Ariwara,,,,suppressed
2026-04,Fataki,Aungba,,,,suppressed
2026-04,Fataki,Beni,,,,suppressed
2026-04,Fataki,Boga,,,,suppressed
2026-04,Fataki,Butembo,,,,suppressed
2026-04,Fataki,Damas,,,,suppressed
2026-04,Fataki,Gety,,,,suppressed
2026-04,Fataki,Goma,,,,suppressed
2026-04,Fataki,Isiro,,,,suppressed
2026-04,Fataki,Kabondo,,,,suppressed
2026-04,Fataki,Kambala,,,,suppressed
2026-04,Fataki,Katwa,,,,suppressed
2026-04,Fataki,Komanda,,,,suppressed
2026-04,Fataki,Kyondo,,,,suppressed
2026-04,Fataki,Lolwa,,,,suppressed
2026-04,Fataki,Lubunga,,,,suppressed
2026-04,Fataki,Mabalako,,,,suppressed
2026-04,Fataki,Makiso-Kisangani,,,,suppressed
2026-04,Fataki,Mambasa,,,,suppressed
2026-04,Fataki,Mandima,,,,suppressed
2026-04,Fataki,Mangobo,,,,suppressed
2026-04,Fataki,Masereka,,,,suppressed
2026-04,Fataki,Musienene,,,,suppressed
2026-04,Fataki,Nia-Nia,,,,suppressed
2026-04,Fataki,Nyankunde,,,,suppressed
2026-04,Fataki,Oicha,,,,suppressed
2026-04,Fataki,Pawa,,,,suppressed
2026-04,Fataki,Wamba,,,,suppressed
2026-04,Gety,Nyankunde,667,434,1026,ok
2026-04,Gety,Rwampara,323,247,423,ok
2026-04,Gety,Boga,309,196,488,ok
2026-04,Gety,Bunia,177,136,230,ok
2026-04,Gety,Tchomia,67,47,97,ok
2026-04,Gety,Komanda,57,38,85,ok
2026-04,Gety,Mongbwalu,32,24,42,ok
2026-04,Gety,Katwa,23,16,34,ok
2026-04,Gety,Bambu,18,,26,ok
2026-04,Gety,Oicha,16,,26,ok
2026-04,Gety,Ariwara,,,,suppressed
2026-04,Gety,Aru,,,,suppressed
2026-04,Gety,Aungba,,,,suppressed
2026-04,Gety,Beni,,,,suppressed
2026-04,Gety,Butembo,,,,suppressed
2026-04,Gety,Drodro,,,,suppressed
2026-04,Gety,Fataki,,,,suppressed
2026-04,Gety,Goma,,,,suppressed
2026-04,Gety,Isiro,,,,suppressed
2026-04,Gety,Kabondo,,,,suppressed
2026-04,Gety,Kalunguta,,,,suppressed
2026-04,Gety,Kambala,,,,suppressed
2026-04,Gety,Kilo,,,,suppressed
2026-04,Gety,Kyondo,,,,suppressed
2026-04,Gety,Lita,,,,suppressed
2026-04,Gety,Logo,,,,suppressed
2026-04,Gety,Lolwa,,,,suppressed
2026-04,Gety,Lubero,,,,suppressed
2026-04,Gety,Lubunga,,,,suppressed
2026-04,Gety,Mabalako,,,,suppressed
2026-04,Gety,Mahagi,,,,suppressed
2026-04,Gety,Makiso-Kisangani,,,,suppressed
2026-04,Gety,Mambasa,,,,suppressed
2026-04,Gety,Mandima,,,,suppressed
2026-04,Gety,Mangobo,,,,suppressed
2026-04,Gety,Masereka,,,,suppressed
2026-04,Gety,Musienene,,,,suppressed
2026-04,Gety,Nia-Nia,,,,suppressed
2026-04,Gety,Nizi,,,,suppressed
2026-04,Gety,Pawa,,,,suppressed
2026-04,Gety,Rimba,,,,suppressed
2026-04,Gety,Wamba,,,,suppressed
2026-04,Gety,Wanie-Rukula,,,,suppressed
2026-04,Goma,Beni,126,86,184,ok
2026-04,Goma,Bunia,62,49,80,ok
2026-04,Goma,Butembo,27,18,42,ok
2026-04,Goma,Makiso-Kisangani,21,17,28,ok
2026-04,Goma,Ariwara,,,,suppressed
2026-04,Goma,Aru,,,,suppressed
2026-04,Goma,Aungba,,,,suppressed
2026-04,Goma,Bambu,,,,suppressed
2026-04,Goma,Boga,,,,suppressed
2026-04,Goma,Boma Mangbetu,,,,suppressed
2026-04,Goma,Damas,,,,suppressed
2026-04,Goma,Drodro,,,,suppressed
2026-04,Goma,Fataki,,,,suppressed
2026-04,Goma,Gety,,,,suppressed
2026-04,Goma,Isiro,,,,suppressed
2026-04,Goma,Kabondo,,,,suppressed
2026-04,Goma,Kalunguta,,,,suppressed
2026-04,Goma,Katwa,,,,suppressed
2026-04,Goma,Komanda,,,,suppressed
2026-04,Goma,Kyondo,,,,suppressed
2026-04,Goma,Lita,,,,suppressed
2026-04,Goma,Logo,,,,suppressed
2026-04,Goma,Lolwa,,,,suppressed
2026-04,Goma,Lubero,,,,suppressed
2026-04,Goma,Lubunga,,,,suppressed
2026-04,Goma,Mabalako,,,,suppressed
2026-04,Goma,Mahagi,,,,suppressed
2026-04,Goma,Mambasa,,,,suppressed
2026-04,Goma,Mandima,,,,suppressed
2026-04,Goma,Mangobo,,,,suppressed
2026-04,Goma,Masereka,,,,suppressed
2026-04,Goma,Miti-Murhesa,,,,suppressed
2026-04,Goma,Mongbwalu,,,,suppressed
2026-04,Goma,Musienene,,,,suppressed
2026-04,Goma,Nia-Nia,,,,suppressed
2026-04,Goma,Nizi,,,,suppressed
2026-04,Goma,Nyankunde,,,,suppressed
2026-04,Goma,Oicha,,,,suppressed
2026-04,Goma,Pawa,,,,suppressed
2026-04,Goma,Rimba,,,,suppressed
2026-04,Goma,Rungu,,,,suppressed
2026-04,Goma,Rwampara,,,,suppressed
2026-04,Goma,Tchomia,,,,suppressed
2026-04,Goma,Wamba,,,,suppressed
2026-04,Goma,Wanie-Rukula,,,,suppressed
2026-04,Isiro,Wamba,809,589,1110,ok
2026-04,Isiro,Pawa,600,405,891,ok
2026-04,Isiro,Rungu,294,179,482,ok
2026-04,Isiro,Katwa,190,143,253,ok
2026-04,Isiro,Nia-Nia,190,162,225,ok
2026-04,Isiro,Boma Mangbetu,147,84,257,ok
2026-04,Isiro,Ariwara,143,110,185,ok
2026-04,Isiro,Aru,92,70,119,ok
2026-04,Isiro,Makiso-Kisangani,76,62,92,ok
2026-04,Isiro,Butembo,54,38,78,ok
2026-04,Isiro,Bunia,53,44,63,ok
2026-04,Isiro,Kabondo,42,33,55,ok
2026-04,Isiro,Beni,36,26,49,ok
2026-04,Isiro,Musienene,21,,32,ok
2026-04,Isiro,Rwampara,17,,21,ok
2026-04,Isiro,Mangobo,16,,22,ok
2026-04,Isiro,Adja,,,,suppressed
2026-04,Isiro,Aungba,,,,suppressed
2026-04,Isiro,Bambu,,,,suppressed
2026-04,Isiro,Boga,,,,suppressed
2026-04,Isiro,Damas,,,,suppressed
2026-04,Isiro,Drodro,,,,suppressed
2026-04,Isiro,Fataki,,,,suppressed
2026-04,Isiro,Gety,,,,suppressed
2026-04,Isiro,Goma,,,,suppressed
2026-04,Isiro,Kalunguta,,,,suppressed
2026-04,Isiro,Kambala,,,,suppressed
2026-04,Isiro,Komanda,,,,suppressed
2026-04,Isiro,Kyondo,,,,suppressed
2026-04,Isiro,Lita,,,,suppressed
2026-04,Isiro,Logo,,,,suppressed
2026-04,Isiro,Lolwa,,,,suppressed
2026-04,Isiro,Lubero,,,,suppressed
2026-04,Isiro,Lubunga,,,,suppressed
2026-04,Isiro,Mabalako,,,,suppressed
2026-04,Isiro,Mahagi,,,,suppressed
2026-04,Isiro,Mambasa,,,,suppressed
2026-04,Isiro,Mandima,,,,suppressed
2026-04,Isiro,Masereka,,,,suppressed
2026-04,Isiro,Miti-Murhesa,,,,suppressed
2026-04,Isiro,Mongbwalu,,,,suppressed
2026-04,Isiro,Nizi,,,,suppressed
2026-04,Isiro,Nyankunde,,,,suppressed
2026-04,Isiro,Oicha,,,,suppressed
2026-04,Isiro,Rimba,,,,suppressed
2026-04,Isiro,Tchomia,,,,suppressed
2026-04,Isiro,Wanie-Rukula,,,,suppressed
2026-04,Kabondo,Makiso-Kisangani,3840,3324,4437,ok
2026-04,Kabondo,Wanie-Rukula,152,95,243,ok
2026-04,Kabondo,Lubunga,109,76,157,ok
2026-04,Kabondo,Nia-Nia,93,83,105,ok
2026-04,Kabondo,Mangobo,75,57,98,ok
2026-04,Kabondo,Bunia,56,49,64,ok
2026-04,Kabondo,Isiro,39,31,51,ok
2026-04,Kabondo,Wamba,37,28,48,ok
2026-04,Kabondo,Beni,31,24,41,ok
2026-04,Kabondo,Katwa,29,23,37,ok
2026-04,Kabondo,Rwampara,17,15,19,ok
2026-04,Kabondo,Mambasa,15,,18,ok
2026-04,Kabondo,Ariwara,,,,suppressed
2026-04,Kabondo,Aru,,,,suppressed
2026-04,Kabondo,Aungba,,,,suppressed
2026-04,Kabondo,Bambu,,,,suppressed
2026-04,Kabondo,Boga,,,,suppressed
2026-04,Kabondo,Boma Mangbetu,,,,suppressed
2026-04,Kabondo,Butembo,,,,suppressed
2026-04,Kabondo,Damas,,,,suppressed
2026-04,Kabondo,Drodro,,,,suppressed
2026-04,Kabondo,Fataki,,,,suppressed
2026-04,Kabondo,Gety,,,,suppressed
2026-04,Kabondo,Goma,,,,suppressed
2026-04,Kabondo,Kalunguta,,,,suppressed
2026-04,Kabondo,Kambala,,,,suppressed
2026-04,Kabondo,Komanda,,,,suppressed
2026-04,Kabondo,Kyondo,,,,suppressed
2026-04,Kabondo,Lita,,,,suppressed
2026-04,Kabondo,Logo,,,,suppressed
2026-04,Kabondo,Lolwa,,,,suppressed
2026-04,Kabondo,Lubero,,,,suppressed
2026-04,Kabondo,Mabalako,,,,suppressed
2026-04,Kabondo,Mahagi,,,,suppressed
2026-04,Kabondo,Mandima,,,,suppressed
2026-04,Kabondo,Masereka,,,,suppressed
2026-04,Kabondo,Miti-Murhesa,,,,suppressed
2026-04,Kabondo,Mongbwalu,,,,suppressed
2026-04,Kabondo,Musienene,,,,suppressed
2026-04,Kabondo,Nizi,,,,suppressed
2026-04,Kabondo,Nyankunde,,,,suppressed
2026-04,Kabondo,Oicha,,,,suppressed
2026-04,Kabondo,Pawa,,,,suppressed
2026-04,Kabondo,Rimba,,,,suppressed
2026-04,Kabondo,Rungu,,,,suppressed
2026-04,Kabondo,Tchomia,,,,suppressed
2026-04,Kalunguta,Katwa,837,528,1326,ok
2026-04,Kalunguta,Beni,216,133,350,ok
2026-04,Kalunguta,Butembo,146,85,252,ok
2026-04,Kalunguta,Kyondo,84,45,155,ok
2026-04,Kalunguta,Mandima,69,44,110,ok
2026-04,Kalunguta,Mabalako,58,32,104,ok
2026-04,Kalunguta,Mambasa,32,21,48,ok
2026-04,Kalunguta,Komanda,24,15,39,ok
2026-04,Kalunguta,Mongbwalu,23,16,34,ok
2026-04,Kalunguta,Musienene,22,,40,ok
2026-04,Kalunguta,Oicha,22,,39,ok
2026-04,Kalunguta,Nia-Nia,19,,26,ok
2026-04,Kalunguta,Masereka,17,,34,ok
2026-04,Kalunguta,Wamba,17,,28,ok
2026-04,Kalunguta,Ariwara,,,,suppressed
2026-04,Kalunguta,Aungba,,,,suppressed
2026-04,Kalunguta,Bambu,,,,suppressed
2026-04,Kalunguta,Boga,,,,suppressed
2026-04,Kalunguta,Boma Mangbetu,,,,suppressed
2026-04,Kalunguta,Bunia,,,,suppressed
2026-04,Kalunguta,Damas,,,,suppressed
2026-04,Kalunguta,Fataki,,,,suppressed
2026-04,Kalunguta,Gety,,,,suppressed
2026-04,Kalunguta,Goma,,,,suppressed
2026-04,Kalunguta,Isiro,,,,suppressed
2026-04,Kalunguta,Kabondo,,,,suppressed
2026-04,Kalunguta,Lita,,,,suppressed
2026-04,Kalunguta,Lolwa,,,,suppressed
2026-04,Kalunguta,Lubero,,,,suppressed
2026-04,Kalunguta,Mahagi,,,,suppressed
2026-04,Kalunguta,Makiso-Kisangani,,,,suppressed
2026-04,Kalunguta,Nizi,,,,suppressed
2026-04,Kalunguta,Nyankunde,,,,suppressed
2026-04,Kalunguta,Pawa,,,,suppressed
2026-04,Kalunguta,Rungu,,,,suppressed
2026-04,Kalunguta,Rwampara,,,,suppressed
2026-04,Kalunguta,Tchomia,,,,suppressed
2026-04,Kalunguta,Wanie-Rukula,,,,suppressed
2026-04,Kambala,Aungba,611,365,1023,ok
2026-04,Kambala,Rimba,604,348,1049,ok
2026-04,Kambala,Logo,578,356,938,ok
2026-04,Kambala,Mahagi,109,73,164,ok
2026-04,Kambala,Damas,72,41,129,ok
2026-04,Kambala,Mongbwalu,62,43,89,ok
2026-04,Kambala,Bunia,25,18,34,ok
2026-04,Kambala,Bambu,24,15,38,ok
2026-04,Kambala,Aru,23,15,35,ok
2026-04,Kambala,Adja,,,,suppressed
2026-04,Kambala,Ariwara,,,,suppressed
2026-04,Kambala,Beni,,,,suppressed
2026-04,Kambala,Boga,,,,suppressed
2026-04,Kambala,Butembo,,,,suppressed
2026-04,Kambala,Drodro,,,,suppressed
2026-04,Kambala,Fataki,,,,suppressed
2026-04,Kambala,Isiro,,,,suppressed
2026-04,Kambala,Kabondo,,,,suppressed
2026-04,Kambala,Katwa,,,,suppressed
2026-04,Kambala,Komanda,,,,suppressed
2026-04,Kambala,Lita,,,,suppressed
2026-04,Kambala,Lolwa,,,,suppressed
2026-04,Kambala,Lubunga,,,,suppressed
2026-04,Kambala,Makiso-Kisangani,,,,suppressed
2026-04,Kambala,Mandima,,,,suppressed
2026-04,Kambala,Nia-Nia,,,,suppressed
2026-04,Kambala,Nizi,,,,suppressed
2026-04,Kambala,Nyankunde,,,,suppressed
2026-04,Kambala,Oicha,,,,suppressed
2026-04,Kambala,Pawa,,,,suppressed
2026-04,Kambala,Rungu,,,,suppressed
2026-04,Kambala,Rwampara,,,,suppressed
2026-04,Kambala,Tchomia,,,,suppressed
2026-04,Katwa,Butembo,6805,4764,9721,ok
2026-04,Katwa,Musienene,860,574,1287,ok
2026-04,Katwa,Kalunguta,638,402,1011,ok
2026-04,Katwa,Beni,564,419,758,ok
2026-04,Katwa,Mandima,466,356,610,ok
2026-04,Katwa,Mongbwalu,353,291,428,ok
2026-04,Katwa,Nia-Nia,320,275,373,ok
2026-04,Katwa,Komanda,315,233,424,ok
2026-04,Katwa,Lubero,240,153,376,ok
2026-04,Katwa,Kyondo,239,156,366,ok
2026-04,Katwa,Isiro,199,149,265,ok
2026-04,Katwa,Rwampara,196,166,232,ok
2026-04,Katwa,Mambasa,195,155,246,ok
2026-04,Katwa,Wamba,182,135,246,ok
2026-04,Katwa,Bunia,171,145,201,ok
2026-04,Katwa,Mabalako,168,112,252,ok
2026-04,Katwa,Masereka,149,90,247,ok
2026-04,Katwa,Oicha,106,72,157,ok
2026-04,Katwa,Makiso-Kisangani,102,85,122,ok
2026-04,Katwa,Pawa,61,42,89,ok
2026-04,Katwa,Kabondo,55,43,70,ok
2026-04,Katwa,Lolwa,50,33,77,ok
2026-04,Katwa,Lita,40,29,56,ok
2026-04,Katwa,Bambu,39,29,53,ok
2026-04,Katwa,Damas,36,24,53,ok
2026-04,Katwa,Ariwara,28,22,35,ok
2026-04,Katwa,Gety,26,18,37,ok
2026-04,Katwa,Tchomia,26,20,33,ok
2026-04,Katwa,Goma,20,,28,ok
2026-04,Katwa,Mahagi,15,,19,ok
2026-04,Katwa,Adja,,,,suppressed
2026-04,Katwa,Aru,,,,suppressed
2026-04,Katwa,Aungba,,,,suppressed
2026-04,Katwa,Boga,,,,suppressed
2026-04,Katwa,Boma Mangbetu,,,,suppressed
2026-04,Katwa,Drodro,,,,suppressed
2026-04,Katwa,Fataki,,,,suppressed
2026-04,Katwa,Kambala,,,,suppressed
2026-04,Katwa,Kilo,,,,suppressed
2026-04,Katwa,Logo,,,,suppressed
2026-04,Katwa,Lubunga,,,,suppressed
2026-04,Katwa,Mangobo,,,,suppressed
2026-04,Katwa,Miti-Murhesa,,,,suppressed
2026-04,Katwa,Nizi,,,,suppressed
2026-04,Katwa,Nyankunde,,,,suppressed
2026-04,Katwa,Rimba,,,,suppressed
2026-04,Katwa,Rungu,,,,suppressed
2026-04,Katwa,Wanie-Rukula,,,,suppressed
2026-04,Kilo,Bambu,,,,suppressed
2026-04,Kilo,Beni,,,,suppressed
2026-04,Kilo,Boga,,,,suppressed
2026-04,Kilo,Bunia,,,,suppressed
2026-04,Kilo,Butembo,,,,suppressed
2026-04,Kilo,Damas,,,,suppressed
2026-04,Kilo,Fataki,,,,suppressed
2026-04,Kilo,Gety,,,,suppressed
2026-04,Kilo,Goma,,,,suppressed
2026-04,Kilo,Kabondo,,,,suppressed
2026-04,Kilo,Kalunguta,,,,suppressed
2026-04,Kilo,Katwa,,,,suppressed
2026-04,Kilo,Komanda,,,,suppressed
2026-04,Kilo,Kyondo,,,,suppressed
2026-04,Kilo,Lita,,,,suppressed
2026-04,Kilo,Logo,,,,suppressed
2026-04,Kilo,Lolwa,,,,suppressed
2026-04,Kilo,Lubero,,,,suppressed
2026-04,Kilo,Mabalako,,,,suppressed
2026-04,Kilo,Mahagi,,,,suppressed
2026-04,Kilo,Makiso-Kisangani,,,,suppressed
2026-04,Kilo,Mambasa,,,,suppressed
2026-04,Kilo,Mandima,,,,suppressed
2026-04,Kilo,Mongbwalu,,,,suppressed
2026-04,Kilo,Musienene,,,,suppressed
2026-04,Kilo,Nia-Nia,,,,suppressed
2026-04,Kilo,Nizi,,,,suppressed
2026-04,Kilo,Nyankunde,,,,suppressed
2026-04,Kilo,Oicha,,,,suppressed
2026-04,Kilo,Rimba,,,,suppressed
2026-04,Kilo,Rwampara,,,,suppressed
2026-04,Kilo,Tchomia,,,,suppressed
2026-04,Kilo,Wamba,,,,suppressed
2026-04,Komanda,Bunia,341,283,412,ok
2026-04,Komanda,Katwa,286,212,386,ok
2026-04,Komanda,Oicha,268,177,407,ok
2026-04,Komanda,Nyankunde,231,164,327,ok
2026-04,Komanda,Rwampara,212,175,257,ok
2026-04,Komanda,Mongbwalu,209,168,259,ok
2026-04,Komanda,Beni,193,139,267,ok
2026-04,Komanda,Lolwa,149,93,237,ok
2026-04,Komanda,Butembo,112,77,165,ok
2026-04,Komanda,Musienene,91,59,139,ok
2026-04,Komanda,Mambasa,81,63,105,ok
2026-04,Komanda,Boga,53,37,78,ok
2026-04,Komanda,Mandima,50,38,67,ok
2026-04,Komanda,Gety,47,31,70,ok
2026-04,Komanda,Lita,47,33,66,ok
2026-04,Komanda,Bambu,40,28,55,ok
2026-04,Komanda,Lubero,35,22,55,ok
2026-04,Komanda,Masereka,34,20,58,ok
2026-04,Komanda,Kalunguta,31,19,51,ok
2026-04,Komanda,Kyondo,31,20,49,ok
2026-04,Komanda,Tchomia,19,,26,ok
2026-04,Komanda,Ariwara,,,,suppressed
2026-04,Komanda,Aru,,,,suppressed
2026-04,Komanda,Aungba,,,,suppressed
2026-04,Komanda,Boma Mangbetu,,,,suppressed
2026-04,Komanda,Damas,,,,suppressed
2026-04,Komanda,Drodro,,,,suppressed
2026-04,Komanda,Fataki,,,,suppressed
2026-04,Komanda,Goma,,,,suppressed
2026-04,Komanda,Isiro,,,,suppressed
2026-04,Komanda,Kabondo,,,,suppressed
2026-04,Komanda,Kambala,,,,suppressed
2026-04,Komanda,Kilo,,,,suppressed
2026-04,Komanda,Logo,,,,suppressed
2026-04,Komanda,Lubunga,,,,suppressed
2026-04,Komanda,Mabalako,,,,suppressed
2026-04,Komanda,Mahagi,,,,suppressed
2026-04,Komanda,Makiso-Kisangani,,,,suppressed
2026-04,Komanda,Mangobo,,,,suppressed
2026-04,Komanda,Miti-Murhesa,,,,suppressed
2026-04,Komanda,Nia-Nia,,,,suppressed
2026-04,Komanda,Nizi,,,,suppressed
2026-04,Komanda,Pawa,,,,suppressed
2026-04,Komanda,Rimba,,,,suppressed
2026-04,Komanda,Rungu,,,,suppressed
2026-04,Komanda,Wamba,,,,suppressed
2026-04,Komanda,Wanie-Rukula,,,,suppressed
2026-04,Kyondo,Lubero,580,313,1075,ok
2026-04,Kyondo,Katwa,445,290,683,ok
2026-04,Kyondo,Masereka,357,185,688,ok
2026-04,Kyondo,Kalunguta,125,68,232,ok
2026-04,Kyondo,Beni,104,66,163,ok
2026-04,Kyondo,Mongbwalu,56,40,79,ok
2026-04,Kyondo,Musienene,44,26,77,ok
2026-04,Kyondo,Mandima,32,21,49,ok
2026-04,Kyondo,Butembo,29,17,47,ok
2026-04,Kyondo,Komanda,28,18,44,ok
2026-04,Kyondo,Rwampara,25,18,34,ok
2026-04,Kyondo,Oicha,20,,35,ok
2026-04,Kyondo,Bunia,16,,21,ok
2026-04,Kyondo,Ariwara,,,,suppressed
2026-04,Kyondo,Aru,,,,suppressed
2026-04,Kyondo,Aungba,,,,suppressed
2026-04,Kyondo,Bambu,,,,suppressed
2026-04,Kyondo,Boga,,,,suppressed
2026-04,Kyondo,Boma Mangbetu,,,,suppressed
2026-04,Kyondo,Damas,,,,suppressed
2026-04,Kyondo,Drodro,,,,suppressed
2026-04,Kyondo,Fataki,,,,suppressed
2026-04,Kyondo,Gety,,,,suppressed
2026-04,Kyondo,Goma,,,,suppressed
2026-04,Kyondo,Isiro,,,,suppressed
2026-04,Kyondo,Kabondo,,,,suppressed
2026-04,Kyondo,Kambala,,,,suppressed
2026-04,Kyondo,Lita,,,,suppressed
2026-04,Kyondo,Logo,,,,suppressed
2026-04,Kyondo,Lolwa,,,,suppressed
2026-04,Kyondo,Lubunga,,,,suppressed
2026-04,Kyondo,Mabalako,,,,suppressed
2026-04,Kyondo,Mahagi,,,,suppressed
2026-04,Kyondo,Makiso-Kisangani,,,,suppressed
2026-04,Kyondo,Mambasa,,,,suppressed
2026-04,Kyondo,Mangobo,,,,suppressed
2026-04,Kyondo,Nia-Nia,,,,suppressed
2026-04,Kyondo,Nizi,,,,suppressed
2026-04,Kyondo,Nyankunde,,,,suppressed
2026-04,Kyondo,Pawa,,,,suppressed
2026-04,Kyondo,Rimba,,,,suppressed
2026-04,Kyondo,Rungu,,,,suppressed
2026-04,Kyondo,Tchomia,,,,suppressed
2026-04,Kyondo,Wamba,,,,suppressed
2026-04,Kyondo,Wanie-Rukula,,,,suppressed
2026-04,Lita,Rwampara,1064,853,1328,ok
2026-04,Lita,Bunia,504,406,625,ok
2026-04,Lita,Nizi,360,277,466,ok
2026-04,Lita,Mongbwalu,78,62,100,ok
2026-04,Lita,Tchomia,52,38,72,ok
2026-04,Lita,Bambu,40,28,57,ok
2026-04,Lita,Nyankunde,33,23,48,ok
2026-04,Lita,Komanda,28,20,39,ok
2026-04,Lita,Fataki,21,15,31,ok
2026-04,Lita,Drodro,16,,23,ok
2026-04,Lita,Katwa,16,,23,ok
2026-04,Lita,Ariwara,,,,suppressed
2026-04,Lita,Aru,,,,suppressed
2026-04,Lita,Aungba,,,,suppressed
2026-04,Lita,Beni,,,,suppressed
2026-04,Lita,Boga,,,,suppressed
2026-04,Lita,Butembo,,,,suppressed
2026-04,Lita,Damas,,,,suppressed
2026-04,Lita,Gety,,,,suppressed
2026-04,Lita,Goma,,,,suppressed
2026-04,Lita,Isiro,,,,suppressed
2026-04,Lita,Kabondo,,,,suppressed
2026-04,Lita,Kalunguta,,,,suppressed
2026-04,Lita,Kambala,,,,suppressed
2026-04,Lita,Kilo,,,,suppressed
2026-04,Lita,Kyondo,,,,suppressed
2026-04,Lita,Logo,,,,suppressed
2026-04,Lita,Lolwa,,,,suppressed
2026-04,Lita,Lubero,,,,suppressed
2026-04,Lita,Lubunga,,,,suppressed
2026-04,Lita,Mabalako,,,,suppressed
2026-04,Lita,Mahagi,,,,suppressed
2026-04,Lita,Makiso-Kisangani,,,,suppressed
2026-04,Lita,Mambasa,,,,suppressed
2026-04,Lita,Mandima,,,,suppressed
2026-04,Lita,Mangobo,,,,suppressed
2026-04,Lita,Masereka,,,,suppressed
2026-04,Lita,Miti-Murhesa,,,,suppressed
2026-04,Lita,Musienene,,,,suppressed
2026-04,Lita,Nia-Nia,,,,suppressed
2026-04,Lita,Oicha,,,,suppressed
2026-04,Lita,Pawa,,,,suppressed
2026-04,Lita,Rimba,,,,suppressed
2026-04,Lita,Rungu,,,,suppressed
2026-04,Lita,Wamba,,,,suppressed
2026-04,Lita,Wanie-Rukula,,,,suppressed
2026-04,Logo,Rimba,2083,1360,3191,ok
2026-04,Logo,Mahagi,1314,987,1749,ok
2026-04,Logo,Kambala,426,263,692,ok
2026-04,Logo,Mongbwalu,346,273,437,ok
2026-04,Logo,Aungba,166,113,244,ok
2026-04,Logo,Bunia,107,87,132,ok
2026-04,Logo,Damas,69,44,108,ok
2026-04,Logo,Bambu,47,34,67,ok
2026-04,Logo,Fataki,46,32,68,ok
2026-04,Logo,Rwampara,46,37,57,ok
2026-04,Logo,Komanda,38,27,53,ok
2026-04,Logo,Ariwara,30,22,40,ok
2026-04,Logo,Nizi,24,19,30,ok
2026-04,Logo,Isiro,23,17,32,ok
2026-04,Logo,Aru,17,,23,ok
2026-04,Logo,Adja,,,,suppressed
2026-04,Logo,Beni,,,,suppressed
2026-04,Logo,Boga,,,,suppressed
2026-04,Logo,Butembo,,,,suppressed
2026-04,Logo,Drodro,,,,suppressed
2026-04,Logo,Gety,,,,suppressed
2026-04,Logo,Goma,,,,suppressed
2026-04,Logo,Kabondo,,,,suppressed
2026-04,Logo,Katwa,,,,suppressed
2026-04,Logo,Lita,,,,suppressed
2026-04,Logo,Lolwa,,,,suppressed
2026-04,Logo,Lubero,,,,suppressed
2026-04,Logo,Lubunga,,,,suppressed
2026-04,Logo,Mabalako,,,,suppressed
2026-04,Logo,Makiso-Kisangani,,,,suppressed
2026-04,Logo,Mambasa,,,,suppressed
2026-04,Logo,Mandima,,,,suppressed
2026-04,Logo,Mangobo,,,,suppressed
2026-04,Logo,Masereka,,,,suppressed
2026-04,Logo,Musienene,,,,suppressed
2026-04,Logo,Nia-Nia,,,,suppressed
2026-04,Logo,Nyankunde,,,,suppressed
2026-04,Logo,Oicha,,,,suppressed
2026-04,Logo,Pawa,,,,suppressed
2026-04,Logo,Tchomia,,,,suppressed
2026-04,Logo,Wamba,,,,suppressed
2026-04,Lolwa,Komanda,223,140,355,ok
2026-04,Lolwa,Mambasa,223,150,332,ok
2026-04,Lolwa,Katwa,56,36,86,ok
2026-04,Lolwa,Beni,28,18,45,ok
2026-04,Lolwa,Mandima,22,,33,ok
2026-04,Lolwa,Rwampara,17,,23,ok
2026-04,Lolwa,Kyondo,16,,29,ok
2026-04,Lolwa,Musienene,15,,27,ok
2026-04,Lolwa,Ariwara,,,,suppressed
2026-04,Lolwa,Aru,,,,suppressed
2026-04,Lolwa,Bambu,,,,suppressed
2026-04,Lolwa,Boga,,,,suppressed
2026-04,Lolwa,Bunia,,,,suppressed
2026-04,Lolwa,Butembo,,,,suppressed
2026-04,Lolwa,Damas,,,,suppressed
2026-04,Lolwa,Drodro,,,,suppressed
2026-04,Lolwa,Fataki,,,,suppressed
2026-04,Lolwa,Gety,,,,suppressed
2026-04,Lolwa,Goma,,,,suppressed
2026-04,Lolwa,Isiro,,,,suppressed
2026-04,Lolwa,Kabondo,,,,suppressed
2026-04,Lolwa,Kalunguta,,,,suppressed
2026-04,Lolwa,Lita,,,,suppressed
2026-04,Lolwa,Logo,,,,suppressed
2026-04,Lolwa,Lubero,,,,suppressed
2026-04,Lolwa,Lubunga,,,,suppressed
2026-04,Lolwa,Mabalako,,,,suppressed
2026-04,Lolwa,Mahagi,,,,suppressed
2026-04,Lolwa,Makiso-Kisangani,,,,suppressed
2026-04,Lolwa,Mangobo,,,,suppressed
2026-04,Lolwa,Masereka,,,,suppressed
2026-04,Lolwa,Mongbwalu,,,,suppressed
2026-04,Lolwa,Nia-Nia,,,,suppressed
2026-04,Lolwa,Nizi,,,,suppressed
2026-04,Lolwa,Nyankunde,,,,suppressed
2026-04,Lolwa,Oicha,,,,suppressed
2026-04,Lolwa,Pawa,,,,suppressed
2026-04,Lolwa,Rimba,,,,suppressed
2026-04,Lolwa,Rungu,,,,suppressed
2026-04,Lolwa,Tchomia,,,,suppressed
2026-04,Lolwa,Wamba,,,,suppressed
2026-04,Lolwa,Wanie-Rukula,,,,suppressed
2026-04,Lubero,Kyondo,249,134,461,ok
2026-04,Lubero,Katwa,188,120,295,ok
2026-04,Lubero,Musienene,84,47,150,ok
2026-04,Lubero,Komanda,73,46,115,ok
2026-04,Lubero,Masereka,63,33,122,ok
2026-04,Lubero,Beni,49,31,79,ok
2026-04,Lubero,Butembo,41,24,70,ok
2026-04,Lubero,Mandima,36,23,55,ok
2026-04,Lubero,Rwampara,17,,23,ok
2026-04,Lubero,Bunia,16,,22,ok
2026-04,Lubero,Mongbwalu,15,,21,ok
2026-04,Lubero,Ariwara,,,,suppressed
2026-04,Lubero,Aru,,,,suppressed
2026-04,Lubero,Bambu,,,,suppressed
2026-04,Lubero,Boga,,,,suppressed
2026-04,Lubero,Damas,,,,suppressed
2026-04,Lubero,Gety,,,,suppressed
2026-04,Lubero,Goma,,,,suppressed
2026-04,Lubero,Isiro,,,,suppressed
2026-04,Lubero,Kabondo,,,,suppressed
2026-04,Lubero,Kalunguta,,,,suppressed
2026-04,Lubero,Lita,,,,suppressed
2026-04,Lubero,Logo,,,,suppressed
2026-04,Lubero,Lolwa,,,,suppressed
2026-04,Lubero,Lubunga,,,,suppressed
2026-04,Lubero,Mabalako,,,,suppressed
2026-04,Lubero,Makiso-Kisangani,,,,suppressed
2026-04,Lubero,Mambasa,,,,suppressed
2026-04,Lubero,Miti-Murhesa,,,,suppressed
2026-04,Lubero,Nia-Nia,,,,suppressed
2026-04,Lubero,Nizi,,,,suppressed
2026-04,Lubero,Nyankunde,,,,suppressed
2026-04,Lubero,Oicha,,,,suppressed
2026-04,Lubero,Pawa,,,,suppressed
2026-04,Lubero,Tchomia,,,,suppressed
2026-04,Lubero,Wamba,,,,suppressed
2026-04,Lubero,Wanie-Rukula,,,,suppressed
2026-04,Lubunga,Makiso-Kisangani,842,625,1135,ok
2026-04,Lubunga,Mangobo,151,100,230,ok
2026-04,Lubunga,Kabondo,100,70,143,ok
2026-04,Lubunga,Ariwara,,,,suppressed
2026-04,Lubunga,Aru,,,,suppressed
2026-04,Lubunga,Aungba,,,,suppressed
2026-04,Lubunga,Bambu,,,,suppressed
2026-04,Lubunga,Beni,,,,suppressed
2026-04,Lubunga,Boga,,,,suppressed
2026-04,Lubunga,Bunia,,,,suppressed
2026-04,Lubunga,Butembo,,,,suppressed
2026-04,Lubunga,Drodro,,,,suppressed
2026-04,Lubunga,Fataki,,,,suppressed
2026-04,Lubunga,Gety,,,,suppressed
2026-04,Lubunga,Goma,,,,suppressed
2026-04,Lubunga,Isiro,,,,suppressed
2026-04,Lubunga,Kambala,,,,suppressed
2026-04,Lubunga,Katwa,,,,suppressed
2026-04,Lubunga,Komanda,,,,suppressed
2026-04,Lubunga,Kyondo,,,,suppressed
2026-04,Lubunga,Lita,,,,suppressed
2026-04,Lubunga,Logo,,,,suppressed
2026-04,Lubunga,Lolwa,,,,suppressed
2026-04,Lubunga,Lubero,,,,suppressed
2026-04,Lubunga,Mabalako,,,,suppressed
2026-04,Lubunga,Mahagi,,,,suppressed
2026-04,Lubunga,Mambasa,,,,suppressed
2026-04,Lubunga,Mandima,,,,suppressed
2026-04,Lubunga,Masereka,,,,suppressed
2026-04,Lubunga,Miti-Murhesa,,,,suppressed
2026-04,Lubunga,Mongbwalu,,,,suppressed
2026-04,Lubunga,Musienene,,,,suppressed
2026-04,Lubunga,Nia-Nia,,,,suppressed
2026-04,Lubunga,Nizi,,,,suppressed
2026-04,Lubunga,Nyankunde,,,,suppressed
2026-04,Lubunga,Oicha,,,,suppressed
2026-04,Lubunga,Pawa,,,,suppressed
2026-04,Lubunga,Rimba,,,,suppressed
2026-04,Lubunga,Rwampara,,,,suppressed
2026-04,Lubunga,Tchomia,,,,suppressed
2026-04,Lubunga,Wamba,,,,suppressed
2026-04,Lubunga,Wanie-Rukula,,,,suppressed
2026-04,Mabalako,Beni,474,308,729,ok
2026-04,Mabalako,Mandima,284,189,427,ok
2026-04,Mabalako,Katwa,279,186,419,ok
2026-04,Mabalako,Kalunguta,93,51,168,ok
2026-04,Mabalako,Oicha,53,31,90,ok
2026-04,Mabalako,Butembo,51,31,83,ok
2026-04,Mabalako,Musienene,47,27,80,ok
2026-04,Mabalako,Kyondo,21,,36,ok
2026-04,Mabalako,Wamba,18,,28,ok
2026-04,Mabalako,Lubero,17,,31,ok
2026-04,Mabalako,Masereka,15,,28,ok
2026-04,Mabalako,Ariwara,,,,suppressed
2026-04,Mabalako,Aru,,,,suppressed
2026-04,Mabalako,Aungba,,,,suppressed
2026-04,Mabalako,Bambu,,,,suppressed
2026-04,Mabalako,Boga,,,,suppressed
2026-04,Mabalako,Bunia,,,,suppressed
2026-04,Mabalako,Damas,,,,suppressed
2026-04,Mabalako,Drodro,,,,suppressed
2026-04,Mabalako,Fataki,,,,suppressed
2026-04,Mabalako,Gety,,,,suppressed
2026-04,Mabalako,Goma,,,,suppressed
2026-04,Mabalako,Isiro,,,,suppressed
2026-04,Mabalako,Kabondo,,,,suppressed
2026-04,Mabalako,Kambala,,,,suppressed
2026-04,Mabalako,Kilo,,,,suppressed
2026-04,Mabalako,Komanda,,,,suppressed
2026-04,Mabalako,Lita,,,,suppressed
2026-04,Mabalako,Logo,,,,suppressed
2026-04,Mabalako,Lolwa,,,,suppressed
2026-04,Mabalako,Lubunga,,,,suppressed
2026-04,Mabalako,Mahagi,,,,suppressed
2026-04,Mabalako,Makiso-Kisangani,,,,suppressed
2026-04,Mabalako,Mambasa,,,,suppressed
2026-04,Mabalako,Mangobo,,,,suppressed
2026-04,Mabalako,Mongbwalu,,,,suppressed
2026-04,Mabalako,Nia-Nia,,,,suppressed
2026-04,Mabalako,Nizi,,,,suppressed
2026-04,Mabalako,Nyankunde,,,,suppressed
2026-04,Mabalako,Pawa,,,,suppressed
2026-04,Mabalako,Rungu,,,,suppressed
2026-04,Mabalako,Rwampara,,,,suppressed
2026-04,Mabalako,Tchomia,,,,suppressed
2026-04,Mabalako,Wanie-Rukula,,,,suppressed
2026-04,Mahagi,Logo,1408,1058,1874,ok
2026-04,Mahagi,Rimba,440,309,626,ok
2026-04,Mahagi,Bunia,214,188,244,ok
2026-04,Mahagi,Aungba,184,135,252,ok
2026-04,Mahagi,Mongbwalu,125,107,146,ok
2026-04,Mahagi,Kambala,106,71,160,ok
2026-04,Mahagi,Rwampara,79,69,90,ok
2026-04,Mahagi,Aru,48,39,60,ok
2026-04,Mahagi,Damas,25,18,36,ok
2026-04,Mahagi,Tchomia,25,20,31,ok
2026-04,Mahagi,Isiro,23,17,29,ok
2026-04,Mahagi,Ariwara,19,15,23,ok
2026-04,Mahagi,Nizi,18,15,22,ok
2026-04,Mahagi,Bambu,16,,21,ok
2026-04,Mahagi,Adja,,,,suppressed
2026-04,Mahagi,Beni,,,,suppressed
2026-04,Mahagi,Boga,,,,suppressed
2026-04,Mahagi,Boma Mangbetu,,,,suppressed
2026-04,Mahagi,Butembo,,,,suppressed
2026-04,Mahagi,Drodro,,,,suppressed
2026-04,Mahagi,Fataki,,,,suppressed
2026-04,Mahagi,Gety,,,,suppressed
2026-04,Mahagi,Goma,,,,suppressed
2026-04,Mahagi,Kabondo,,,,suppressed
2026-04,Mahagi,Kalunguta,,,,suppressed
2026-04,Mahagi,Katwa,,,,suppressed
2026-04,Mahagi,Komanda,,,,suppressed
2026-04,Mahagi,Kyondo,,,,suppressed
2026-04,Mahagi,Lita,,,,suppressed
2026-04,Mahagi,Lolwa,,,,suppressed
2026-04,Mahagi,Lubero,,,,suppressed
2026-04,Mahagi,Lubunga,,,,suppressed
2026-04,Mahagi,Mabalako,,,,suppressed
2026-04,Mahagi,Makiso-Kisangani,,,,suppressed
2026-04,Mahagi,Mambasa,,,,suppressed
2026-04,Mahagi,Mandima,,,,suppressed
2026-04,Mahagi,Mangobo,,,,suppressed
2026-04,Mahagi,Masereka,,,,suppressed
2026-04,Mahagi,Musienene,,,,suppressed
2026-04,Mahagi,Nia-Nia,,,,suppressed
2026-04,Mahagi,Nyankunde,,,,suppressed
2026-04,Mahagi,Oicha,,,,suppressed
2026-04,Mahagi,Pawa,,,,suppressed
2026-04,Mahagi,Rungu,,,,suppressed
2026-04,Mahagi,Wamba,,,,suppressed
2026-04,Mahagi,Wanie-Rukula,,,,suppressed
2026-04,Makiso-Kisangani,Kabondo,4013,3474,4636,ok
2026-04,Makiso-Kisangani,Mangobo,2592,2114,3178,ok
2026-04,Makiso-Kisangani,Lubunga,855,634,1152,ok
2026-04,Makiso-Kisangani,Bunia,164,153,176,ok
2026-04,Makiso-Kisangani,Wanie-Rukula,140,93,210,ok
2026-04,Makiso-Kisangani,Nia-Nia,125,119,133,ok
2026-04,Makiso-Kisangani,Isiro,120,99,146,ok
2026-04,Makiso-Kisangani,Katwa,82,68,98,ok
2026-04,Makiso-Kisangani,Rwampara,67,63,72,ok
2026-04,Makiso-Kisangani,Beni,51,42,63,ok
2026-04,Makiso-Kisangani,Butembo,46,35,59,ok
2026-04,Makiso-Kisangani,Wamba,43,35,53,ok
2026-04,Makiso-Kisangani,Mambasa,30,26,34,ok
2026-04,Makiso-Kisangani,Aru,25,22,29,ok
2026-04,Makiso-Kisangani,Logo,21,17,26,ok
2026-04,Makiso-Kisangani,Ariwara,20,18,24,ok
2026-04,Makiso-Kisangani,Mahagi,19,16,22,ok
2026-04,Makiso-Kisangani,Goma,16,,20,ok
2026-04,Makiso-Kisangani,Komanda,15,,19,ok
2026-04,Makiso-Kisangani,Aungba,,,,suppressed
2026-04,Makiso-Kisangani,Bambu,,,,suppressed
2026-04,Makiso-Kisangani,Boga,,,,suppressed
2026-04,Makiso-Kisangani,Boma Mangbetu,,,,suppressed
2026-04,Makiso-Kisangani,Damas,,,,suppressed
2026-04,Makiso-Kisangani,Drodro,,,,suppressed
2026-04,Makiso-Kisangani,Fataki,,,,suppressed
2026-04,Makiso-Kisangani,Gety,,,,suppressed
2026-04,Makiso-Kisangani,Kalunguta,,,,suppressed
2026-04,Makiso-Kisangani,Kambala,,,,suppressed
2026-04,Makiso-Kisangani,Kilo,,,,suppressed
2026-04,Makiso-Kisangani,Kyondo,,,,suppressed
2026-04,Makiso-Kisangani,Lita,,,,suppressed
2026-04,Makiso-Kisangani,Lolwa,,,,suppressed
2026-04,Makiso-Kisangani,Lubero,,,,suppressed
2026-04,Makiso-Kisangani,Mabalako,,,,suppressed
2026-04,Makiso-Kisangani,Mandima,,,,suppressed
2026-04,Makiso-Kisangani,Masereka,,,,suppressed
2026-04,Makiso-Kisangani,Miti-Murhesa,,,,suppressed
2026-04,Makiso-Kisangani,Mongbwalu,,,,suppressed
2026-04,Makiso-Kisangani,Musienene,,,,suppressed
2026-04,Makiso-Kisangani,Nizi,,,,suppressed
2026-04,Makiso-Kisangani,Nyankunde,,,,suppressed
2026-04,Makiso-Kisangani,Oicha,,,,suppressed
2026-04,Makiso-Kisangani,Pawa,,,,suppressed
2026-04,Makiso-Kisangani,Rimba,,,,suppressed
2026-04,Makiso-Kisangani,Rungu,,,,suppressed
2026-04,Makiso-Kisangani,Tchomia,,,,suppressed
2026-04,Mambasa,Mandima,621,493,782,ok
2026-04,Mambasa,Katwa,251,199,317,ok
2026-04,Mambasa,Bunia,228,201,258,ok
2026-04,Mambasa,Beni,216,167,279,ok
2026-04,Mambasa,Rwampara,127,112,145,ok
2026-04,Mambasa,Butembo,87,63,119,ok
2026-04,Mambasa,Komanda,85,66,109,ok
2026-04,Mambasa,Makiso-Kisangani,68,60,79,ok
2026-04,Mambasa,Musienene,64,45,91,ok
2026-04,Mambasa,Mongbwalu,61,53,71,ok
2026-04,Mambasa,Nia-Nia,51,46,57,ok
2026-04,Mambasa,Kabondo,36,29,44,ok
2026-04,Mambasa,Lolwa,34,23,50,ok
2026-04,Mambasa,Lubero,32,22,48,ok
2026-04,Mambasa,Kalunguta,26,17,40,ok
2026-04,Mambasa,Wamba,25,19,32,ok
2026-04,Mambasa,Kyondo,22,15,32,ok
2026-04,Mambasa,Mabalako,21,,30,ok
2026-04,Mambasa,Oicha,20,,29,ok
2026-04,Mambasa,Isiro,19,15,24,ok
2026-04,Mambasa,Mangobo,19,15,25,ok
2026-04,Mambasa,Ariwara,,,,suppressed
2026-04,Mambasa,Aru,,,,suppressed
2026-04,Mambasa,Aungba,,,,suppressed
2026-04,Mambasa,Bambu,,,,suppressed
2026-04,Mambasa,Boga,,,,suppressed
2026-04,Mambasa,Boma Mangbetu,,,,suppressed
2026-04,Mambasa,Damas,,,,suppressed
2026-04,Mambasa,Drodro,,,,suppressed
2026-04,Mambasa,Fataki,,,,suppressed
2026-04,Mambasa,Gety,,,,suppressed
2026-04,Mambasa,Goma,,,,suppressed
2026-04,Mambasa,Kambala,,,,suppressed
2026-04,Mambasa,Kilo,,,,suppressed
2026-04,Mambasa,Lita,,,,suppressed
2026-04,Mambasa,Logo,,,,suppressed
2026-04,Mambasa,Lubunga,,,,suppressed
2026-04,Mambasa,Mahagi,,,,suppressed
2026-04,Mambasa,Masereka,,,,suppressed
2026-04,Mambasa,Miti-Murhesa,,,,suppressed
2026-04,Mambasa,Nizi,,,,suppressed
2026-04,Mambasa,Nyankunde,,,,suppressed
2026-04,Mambasa,Pawa,,,,suppressed
2026-04,Mambasa,Rimba,,,,suppressed
2026-04,Mambasa,Rungu,,,,suppressed
2026-04,Mambasa,Tchomia,,,,suppressed
2026-04,Mambasa,Wanie-Rukula,,,,suppressed
2026-04,Mandima,Mambasa,1110,882,1398,ok
2026-04,Mandima,Beni,533,398,715,ok
2026-04,Mandima,Katwa,496,379,650,ok
2026-04,Mandima,Oicha,272,183,404,ok
2026-04,Mandima,Mabalako,190,127,286,ok
2026-04,Mandima,Butembo,173,121,247,ok
2026-04,Mandima,Musienene,139,94,207,ok
2026-04,Mandima,Kalunguta,108,68,172,ok
2026-04,Mandima,Bunia,85,73,100,ok
2026-04,Mandima,Komanda,72,54,96,ok
2026-04,Mandima,Kyondo,70,46,107,ok
2026-04,Mandima,Lubero,70,45,108,ok
2026-04,Mandima,Rwampara,54,46,64,ok
2026-04,Mandima,Masereka,38,23,64,ok
2026-04,Mandima,Mongbwalu,37,31,45,ok
2026-04,Mandima,Lolwa,16,,25,ok
2026-04,Mandima,Wamba,16,,21,ok
2026-04,Mandima,Ariwara,,,,suppressed
2026-04,Mandima,Aru,,,,suppressed
2026-04,Mandima,Aungba,,,,suppressed
2026-04,Mandima,Bambu,,,,suppressed
2026-04,Mandima,Boga,,,,suppressed
2026-04,Mandima,Boma Mangbetu,,,,suppressed
2026-04,Mandima,Damas,,,,suppressed
2026-04,Mandima,Drodro,,,,suppressed
2026-04,Mandima,Fataki,,,,suppressed
2026-04,Mandima,Gety,,,,suppressed
2026-04,Mandima,Goma,,,,suppressed
2026-04,Mandima,Isiro,,,,suppressed
2026-04,Mandima,Kabondo,,,,suppressed
2026-04,Mandima,Kambala,,,,suppressed
2026-04,Mandima,Lita,,,,suppressed
2026-04,Mandima,Logo,,,,suppressed
2026-04,Mandima,Lubunga,,,,suppressed
2026-04,Mandima,Mahagi,,,,suppressed
2026-04,Mandima,Makiso-Kisangani,,,,suppressed
2026-04,Mandima,Mangobo,,,,suppressed
2026-04,Mandima,Miti-Murhesa,,,,suppressed
2026-04,Mandima,Nia-Nia,,,,suppressed
2026-04,Mandima,Nizi,,,,suppressed
2026-04,Mandima,Nyankunde,,,,suppressed
2026-04,Mandima,Pawa,,,,suppressed
2026-04,Mandima,Rimba,,,,suppressed
2026-04,Mandima,Rungu,,,,suppressed
2026-04,Mandima,Tchomia,,,,suppressed
2026-04,Mandima,Wanie-Rukula,,,,suppressed
2026-04,Mangobo,Makiso-Kisangani,2551,2081,3128,ok
2026-04,Mangobo,Lubunga,160,105,243,ok
2026-04,Mangobo,Kabondo,124,95,162,ok
2026-04,Mangobo,Wanie-Rukula,41,24,69,ok
2026-04,Mangobo,Nia-Nia,40,34,48,ok
2026-04,Mangobo,Bunia,19,16,23,ok
2026-04,Mangobo,Rwampara,18,15,22,ok
2026-04,Mangobo,Ariwara,,,,suppressed
2026-04,Mangobo,Aru,,,,suppressed
2026-04,Mangobo,Aungba,,,,suppressed
2026-04,Mangobo,Bambu,,,,suppressed
2026-04,Mangobo,Beni,,,,suppressed
2026-04,Mangobo,Boma Mangbetu,,,,suppressed
2026-04,Mangobo,Butembo,,,,suppressed
2026-04,Mangobo,Damas,,,,suppressed
2026-04,Mangobo,Drodro,,,,suppressed
2026-04,Mangobo,Goma,,,,suppressed
2026-04,Mangobo,Isiro,,,,suppressed
2026-04,Mangobo,Katwa,,,,suppressed
2026-04,Mangobo,Komanda,,,,suppressed
2026-04,Mangobo,Kyondo,,,,suppressed
2026-04,Mangobo,Lita,,,,suppressed
2026-04,Mangobo,Logo,,,,suppressed
2026-04,Mangobo,Lolwa,,,,suppressed
2026-04,Mangobo,Lubero,,,,suppressed
2026-04,Mangobo,Mabalako,,,,suppressed
2026-04,Mangobo,Mahagi,,,,suppressed
2026-04,Mangobo,Mambasa,,,,suppressed
2026-04,Mangobo,Mandima,,,,suppressed
2026-04,Mangobo,Miti-Murhesa,,,,suppressed
2026-04,Mangobo,Mongbwalu,,,,suppressed
2026-04,Mangobo,Musienene,,,,suppressed
2026-04,Mangobo,Nizi,,,,suppressed
2026-04,Mangobo,Nyankunde,,,,suppressed
2026-04,Mangobo,Oicha,,,,suppressed
2026-04,Mangobo,Pawa,,,,suppressed
2026-04,Mangobo,Rimba,,,,suppressed
2026-04,Mangobo,Rungu,,,,suppressed
2026-04,Mangobo,Tchomia,,,,suppressed
2026-04,Mangobo,Wamba,,,,suppressed
2026-04,Masereka,Lubero,720,370,1403,ok
2026-04,Masereka,Kyondo,464,240,895,ok
2026-04,Masereka,Beni,118,70,201,ok
2026-04,Masereka,Katwa,111,67,184,ok
2026-04,Masereka,Musienene,106,56,199,ok
2026-04,Masereka,Butembo,90,50,161,ok
2026-04,Masereka,Mandima,46,28,76,ok
2026-04,Masereka,Oicha,19,,36,ok
2026-04,Masereka,Kalunguta,17,,34,ok
2026-04,Masereka,Lolwa,16,,31,ok
2026-04,Masereka,Komanda,15,,26,ok
2026-04,Masereka,Ariwara,,,,suppressed
2026-04,Masereka,Aru,,,,suppressed
2026-04,Masereka,Bambu,,,,suppressed
2026-04,Masereka,Boga,,,,suppressed
2026-04,Masereka,Bunia,,,,suppressed
2026-04,Masereka,Damas,,,,suppressed
2026-04,Masereka,Fataki,,,,suppressed
2026-04,Masereka,Gety,,,,suppressed
2026-04,Masereka,Goma,,,,suppressed
2026-04,Masereka,Isiro,,,,suppressed
2026-04,Masereka,Kabondo,,,,suppressed
2026-04,Masereka,Lita,,,,suppressed
2026-04,Masereka,Logo,,,,suppressed
2026-04,Masereka,Lubunga,,,,suppressed
2026-04,Masereka,Mabalako,,,,suppressed
2026-04,Masereka,Mahagi,,,,suppressed
2026-04,Masereka,Makiso-Kisangani,,,,suppressed
2026-04,Masereka,Mambasa,,,,suppressed
2026-04,Masereka,Miti-Murhesa,,,,suppressed
2026-04,Masereka,Mongbwalu,,,,suppressed
2026-04,Masereka,Nia-Nia,,,,suppressed
2026-04,Masereka,Nizi,,,,suppressed
2026-04,Masereka,Nyankunde,,,,suppressed
2026-04,Masereka,Pawa,,,,suppressed
2026-04,Masereka,Rungu,,,,suppressed
2026-04,Masereka,Rwampara,,,,suppressed
2026-04,Masereka,Tchomia,,,,suppressed
2026-04,Masereka,Wamba,,,,suppressed
2026-04,Masereka,Wanie-Rukula,,,,suppressed
2026-04,Miti-Murhesa,Aru,,,,suppressed
2026-04,Miti-Murhesa,Aungba,,,,suppressed
2026-04,Miti-Murhesa,Bambu,,,,suppressed
2026-04,Miti-Murhesa,Beni,,,,suppressed
2026-04,Miti-Murhesa,Boga,,,,suppressed
2026-04,Miti-Murhesa,Bunia,,,,suppressed
2026-04,Miti-Murhesa,Butembo,,,,suppressed
2026-04,Miti-Murhesa,Drodro,,,,suppressed
2026-04,Miti-Murhesa,Gety,,,,suppressed
2026-04,Miti-Murhesa,Goma,,,,suppressed
2026-04,Miti-Murhesa,Isiro,,,,suppressed
2026-04,Miti-Murhesa,Kabondo,,,,suppressed
2026-04,Miti-Murhesa,Katwa,,,,suppressed
2026-04,Miti-Murhesa,Kilo,,,,suppressed
2026-04,Miti-Murhesa,Komanda,,,,suppressed
2026-04,Miti-Murhesa,Lita,,,,suppressed
2026-04,Miti-Murhesa,Makiso-Kisangani,,,,suppressed
2026-04,Miti-Murhesa,Mambasa,,,,suppressed
2026-04,Miti-Murhesa,Mandima,,,,suppressed
2026-04,Miti-Murhesa,Mongbwalu,,,,suppressed
2026-04,Miti-Murhesa,Nia-Nia,,,,suppressed
2026-04,Miti-Murhesa,Nizi,,,,suppressed
2026-04,Miti-Murhesa,Nyankunde,,,,suppressed
2026-04,Miti-Murhesa,Pawa,,,,suppressed
2026-04,Miti-Murhesa,Rwampara,,,,suppressed
2026-04,Miti-Murhesa,Wamba,,,,suppressed
2026-04,Mongbwalu,Bunia,1244,1154,1340,ok
2026-04,Mongbwalu,Bambu,1215,972,1519,ok
2026-04,Mongbwalu,Damas,544,396,746,ok
2026-04,Mongbwalu,Rwampara,386,355,420,ok
2026-04,Mongbwalu,Katwa,290,240,352,ok
2026-04,Mongbwalu,Komanda,212,170,263,ok
2026-04,Mongbwalu,Nizi,183,162,206,ok
2026-04,Mongbwalu,Logo,160,127,203,ok
2026-04,Mongbwalu,Rimba,151,111,205,ok
2026-04,Mongbwalu,Nyankunde,150,117,192,ok
2026-04,Mongbwalu,Butembo,79,60,103,ok
2026-04,Mongbwalu,Lita,77,60,98,ok
2026-04,Mongbwalu,Musienene,70,51,97,ok
2026-04,Mongbwalu,Mambasa,65,56,75,ok
2026-04,Mongbwalu,Beni,63,51,79,ok
2026-04,Mongbwalu,Mahagi,62,53,73,ok
2026-04,Mongbwalu,Kambala,53,37,76,ok
2026-04,Mongbwalu,Kyondo,53,38,75,ok
2026-04,Mongbwalu,Fataki,47,37,60,ok
2026-04,Mongbwalu,Oicha,35,26,48,ok
2026-04,Mongbwalu,Drodro,29,22,38,ok
2026-04,Mongbwalu,Tchomia,29,24,34,ok
2026-04,Mongbwalu,Aungba,23,18,29,ok
2026-04,Mongbwalu,Gety,17,,23,ok
2026-04,Mongbwalu,Adja,,,,suppressed
2026-04,Mongbwalu,Ariwara,,,,suppressed
2026-04,Mongbwalu,Aru,,,,suppressed
2026-04,Mongbwalu,Boga,,,,suppressed
2026-04,Mongbwalu,Boma Mangbetu,,,,suppressed
2026-04,Mongbwalu,Goma,,,,suppressed
2026-04,Mongbwalu,Isiro,,,,suppressed
2026-04,Mongbwalu,Kabondo,,,,suppressed
2026-04,Mongbwalu,Kalunguta,,,,suppressed
2026-04,Mongbwalu,Kilo,,,,suppressed
2026-04,Mongbwalu,Lolwa,,,,suppressed
2026-04,Mongbwalu,Lubero,,,,suppressed
2026-04,Mongbwalu,Lubunga,,,,suppressed
2026-04,Mongbwalu,Mabalako,,,,suppressed
2026-04,Mongbwalu,Makiso-Kisangani,,,,suppressed
2026-04,Mongbwalu,Mandima,,,,suppressed
2026-04,Mongbwalu,Mangobo,,,,suppressed
2026-04,Mongbwalu,Masereka,,,,suppressed
2026-04,Mongbwalu,Miti-Murhesa,,,,suppressed
2026-04,Mongbwalu,Nia-Nia,,,,suppressed
2026-04,Mongbwalu,Pawa,,,,suppressed
2026-04,Mongbwalu,Rungu,,,,suppressed
2026-04,Mongbwalu,Wamba,,,,suppressed
2026-04,Mongbwalu,Wanie-Rukula,,,,suppressed
2026-04,Musienene,Butembo,1487,912,2427,ok
2026-04,Musienene,Katwa,814,544,1218,ok
2026-04,Musienene,Mandima,109,73,162,ok
2026-04,Musienene,Beni,101,66,155,ok
2026-04,Musienene,Lubero,76,43,135,ok
2026-04,Musienene,Mongbwalu,71,51,98,ok
2026-04,Musienene,Komanda,60,40,92,ok
2026-04,Musienene,Wamba,58,38,89,ok
2026-04,Musienene,Masereka,53,28,100,ok
2026-04,Musienene,Mabalako,43,25,73,ok
2026-04,Musienene,Isiro,37,25,57,ok
2026-04,Musienene,Mambasa,32,22,45,ok
2026-04,Musienene,Rwampara,30,22,40,ok
2026-04,Musienene,Kyondo,28,16,49,ok
2026-04,Musienene,Kalunguta,27,15,48,ok
2026-04,Musienene,Nia-Nia,25,19,33,ok
2026-04,Musienene,Pawa,15,,24,ok
2026-04,Musienene,Ariwara,,,,suppressed
2026-04,Musienene,Aru,,,,suppressed
2026-04,Musienene,Aungba,,,,suppressed
2026-04,Musienene,Bambu,,,,suppressed
2026-04,Musienene,Boga,,,,suppressed
2026-04,Musienene,Boma Mangbetu,,,,suppressed
2026-04,Musienene,Bunia,,,,suppressed
2026-04,Musienene,Damas,,,,suppressed
2026-04,Musienene,Fataki,,,,suppressed
2026-04,Musienene,Gety,,,,suppressed
2026-04,Musienene,Goma,,,,suppressed
2026-04,Musienene,Kabondo,,,,suppressed
2026-04,Musienene,Kilo,,,,suppressed
2026-04,Musienene,Lita,,,,suppressed
2026-04,Musienene,Logo,,,,suppressed
2026-04,Musienene,Lolwa,,,,suppressed
2026-04,Musienene,Mahagi,,,,suppressed
2026-04,Musienene,Makiso-Kisangani,,,,suppressed
2026-04,Musienene,Mangobo,,,,suppressed
2026-04,Musienene,Nizi,,,,suppressed
2026-04,Musienene,Nyankunde,,,,suppressed
2026-04,Musienene,Oicha,,,,suppressed
2026-04,Musienene,Rungu,,,,suppressed
2026-04,Musienene,Tchomia,,,,suppressed
2026-04,Musienene,Wanie-Rukula,,,,suppressed
2026-04,Nia-Nia,Wamba,922,772,1102,ok
2026-04,Nia-Nia,Katwa,662,568,772,ok
2026-04,Nia-Nia,Makiso-Kisangani,658,622,696,ok
2026-04,Nia-Nia,Isiro,640,543,754,ok
2026-04,Nia-Nia,Kabondo,539,480,606,ok
2026-04,Nia-Nia,Pawa,417,323,539,ok
2026-04,Nia-Nia,Boma Mangbetu,207,136,316,ok
2026-04,Nia-Nia,Beni,197,165,236,ok
2026-04,Nia-Nia,Mangobo,197,165,234,ok
2026-04,Nia-Nia,Rungu,139,98,199,ok
2026-04,Nia-Nia,Butembo,137,109,173,ok
2026-04,Nia-Nia,Bunia,128,124,133,ok
2026-04,Nia-Nia,Musienene,126,94,167,ok
2026-04,Nia-Nia,Mambasa,125,112,139,ok
2026-04,Nia-Nia,Kyondo,90,66,122,ok
2026-04,Nia-Nia,Lubunga,86,66,112,ok
2026-04,Nia-Nia,Oicha,79,61,104,ok
2026-04,Nia-Nia,Rwampara,70,67,73,ok
2026-04,Nia-Nia,Wanie-Rukula,54,37,78,ok
2026-04,Nia-Nia,Masereka,46,32,68,ok
2026-04,Nia-Nia,Mandima,43,37,50,ok
2026-04,Nia-Nia,Lubero,34,25,47,ok
2026-04,Nia-Nia,Mongbwalu,30,28,31,ok
2026-04,Nia-Nia,Kalunguta,27,20,38,ok
2026-04,Nia-Nia,Komanda,25,21,30,ok
2026-04,Nia-Nia,Miti-Murhesa,21,,35,ok
2026-04,Nia-Nia,Mabalako,20,16,27,ok
2026-04,Nia-Nia,Ariwara,,,,suppressed
2026-04,Nia-Nia,Aru,,,,suppressed
2026-04,Nia-Nia,Aungba,,,,suppressed
2026-04,Nia-Nia,Bambu,,,,suppressed
2026-04,Nia-Nia,Boga,,,,suppressed
2026-04,Nia-Nia,Damas,,,,suppressed
2026-04,Nia-Nia,Drodro,,,,suppressed
2026-04,Nia-Nia,Fataki,,,,suppressed
2026-04,Nia-Nia,Gety,,,,suppressed
2026-04,Nia-Nia,Goma,,,,suppressed
2026-04,Nia-Nia,Kambala,,,,suppressed
2026-04,Nia-Nia,Lita,,,,suppressed
2026-04,Nia-Nia,Logo,,,,suppressed
2026-04,Nia-Nia,Lolwa,,,,suppressed
2026-04,Nia-Nia,Mahagi,,,,suppressed
2026-04,Nia-Nia,Nizi,,,,suppressed
2026-04,Nia-Nia,Nyankunde,,,,suppressed
2026-04,Nia-Nia,Rimba,,,,suppressed
2026-04,Nia-Nia,Tchomia,,,,suppressed
2026-04,Nizi,Bambu,1367,1077,1736,ok
2026-04,Nizi,Bunia,1031,934,1138,ok
2026-04,Nizi,Rwampara,457,411,507,ok
2026-04,Nizi,Drodro,378,280,510,ok
2026-04,Nizi,Lita,244,188,316,ok
2026-04,Nizi,Mongbwalu,243,215,273,ok
2026-04,Nizi,Damas,46,33,64,ok
2026-04,Nizi,Fataki,44,34,58,ok
2026-04,Nizi,Tchomia,38,31,46,ok
2026-04,Nizi,Adja,,,,suppressed
2026-04,Nizi,Ariwara,,,,suppressed
2026-04,Nizi,Aru,,,,suppressed
2026-04,Nizi,Aungba,,,,suppressed
2026-04,Nizi,Beni,,,,suppressed
2026-04,Nizi,Boga,,,,suppressed
2026-04,Nizi,Butembo,,,,suppressed
2026-04,Nizi,Gety,,,,suppressed
2026-04,Nizi,Goma,,,,suppressed
2026-04,Nizi,Isiro,,,,suppressed
2026-04,Nizi,Kabondo,,,,suppressed
2026-04,Nizi,Kalunguta,,,,suppressed
2026-04,Nizi,Kambala,,,,suppressed
2026-04,Nizi,Katwa,,,,suppressed
2026-04,Nizi,Kilo,,,,suppressed
2026-04,Nizi,Komanda,,,,suppressed
2026-04,Nizi,Kyondo,,,,suppressed
2026-04,Nizi,Logo,,,,suppressed
2026-04,Nizi,Lolwa,,,,suppressed
2026-04,Nizi,Lubero,,,,suppressed
2026-04,Nizi,Lubunga,,,,suppressed
2026-04,Nizi,Mabalako,,,,suppressed
2026-04,Nizi,Mahagi,,,,suppressed
2026-04,Nizi,Makiso-Kisangani,,,,suppressed
2026-04,Nizi,Mambasa,,,,suppressed
2026-04,Nizi,Mandima,,,,suppressed
2026-04,Nizi,Mangobo,,,,suppressed
2026-04,Nizi,Miti-Murhesa,,,,suppressed
2026-04,Nizi,Musienene,,,,suppressed
2026-04,Nizi,Nia-Nia,,,,suppressed
2026-04,Nizi,Nyankunde,,,,suppressed
2026-04,Nizi,Oicha,,,,suppressed
2026-04,Nizi,Pawa,,,,suppressed
2026-04,Nizi,Rimba,,,,suppressed
2026-04,Nizi,Wamba,,,,suppressed
2026-04,Nizi,Wanie-Rukula,,,,suppressed
2026-04,Nyankunde,Gety,605,393,930,ok
2026-04,Nyankunde,Rwampara,438,348,551,ok
2026-04,Nyankunde,Komanda,195,138,276,ok
2026-04,Nyankunde,Bunia,193,155,240,ok
2026-04,Nyankunde,Mongbwalu,106,83,135,ok
2026-04,Nyankunde,Bambu,66,46,95,ok
2026-04,Nyankunde,Tchomia,31,22,43,ok
2026-04,Nyankunde,Lita,28,19,41,ok
2026-04,Nyankunde,Boga,25,17,38,ok
2026-04,Nyankunde,Katwa,15,,20,ok
2026-04,Nyankunde,Ariwara,,,,suppressed
2026-04,Nyankunde,Aru,,,,suppressed
2026-04,Nyankunde,Aungba,,,,suppressed
2026-04,Nyankunde,Beni,,,,suppressed
2026-04,Nyankunde,Butembo,,,,suppressed
2026-04,Nyankunde,Damas,,,,suppressed
2026-04,Nyankunde,Drodro,,,,suppressed
2026-04,Nyankunde,Fataki,,,,suppressed
2026-04,Nyankunde,Goma,,,,suppressed
2026-04,Nyankunde,Isiro,,,,suppressed
2026-04,Nyankunde,Kabondo,,,,suppressed
2026-04,Nyankunde,Kalunguta,,,,suppressed
2026-04,Nyankunde,Kambala,,,,suppressed
2026-04,Nyankunde,Kilo,,,,suppressed
2026-04,Nyankunde,Kyondo,,,,suppressed
2026-04,Nyankunde,Logo,,,,suppressed
2026-04,Nyankunde,Lolwa,,,,suppressed
2026-04,Nyankunde,Lubero,,,,suppressed
2026-04,Nyankunde,Lubunga,,,,suppressed
2026-04,Nyankunde,Mabalako,,,,suppressed
2026-04,Nyankunde,Mahagi,,,,suppressed
2026-04,Nyankunde,Makiso-Kisangani,,,,suppressed
2026-04,Nyankunde,Mambasa,,,,suppressed
2026-04,Nyankunde,Mandima,,,,suppressed
2026-04,Nyankunde,Mangobo,,,,suppressed
2026-04,Nyankunde,Masereka,,,,suppressed
2026-04,Nyankunde,Miti-Murhesa,,,,suppressed
2026-04,Nyankunde,Musienene,,,,suppressed
2026-04,Nyankunde,Nia-Nia,,,,suppressed
2026-04,Nyankunde,Nizi,,,,suppressed
2026-04,Nyankunde,Oicha,,,,suppressed
2026-04,Nyankunde,Pawa,,,,suppressed
2026-04,Nyankunde,Rimba,,,,suppressed
2026-04,Nyankunde,Rungu,,,,suppressed
2026-04,Nyankunde,Wamba,,,,suppressed
2026-04,Oicha,Beni,760,500,1156,ok
2026-04,Oicha,Komanda,310,205,471,ok
2026-04,Oicha,Mandima,190,128,282,ok
2026-04,Oicha,Katwa,138,93,204,ok
2026-04,Oicha,Mabalako,49,29,83,ok
2026-04,Oicha,Bunia,30,23,40,ok
2026-04,Oicha,Rwampara,27,20,36,ok
2026-04,Oicha,Mambasa,25,17,35,ok
2026-04,Oicha,Kyondo,24,,42,ok
2026-04,Oicha,Lubero,24,,42,ok
2026-04,Oicha,Mongbwalu,24,18,33,ok
2026-04,Oicha,Butembo,23,15,37,ok
2026-04,Oicha,Kalunguta,22,,39,ok
2026-04,Oicha,Musienene,22,,37,ok
2026-04,Oicha,Masereka,19,,36,ok
2026-04,Oicha,Boga,17,,27,ok
2026-04,Oicha,Nia-Nia,16,,21,ok
2026-04,Oicha,Ariwara,,,,suppressed
2026-04,Oicha,Aru,,,,suppressed
2026-04,Oicha,Aungba,,,,suppressed
2026-04,Oicha,Bambu,,,,suppressed
2026-04,Oicha,Boma Mangbetu,,,,suppressed
2026-04,Oicha,Damas,,,,suppressed
2026-04,Oicha,Drodro,,,,suppressed
2026-04,Oicha,Fataki,,,,suppressed
2026-04,Oicha,Gety,,,,suppressed
2026-04,Oicha,Goma,,,,suppressed
2026-04,Oicha,Isiro,,,,suppressed
2026-04,Oicha,Kabondo,,,,suppressed
2026-04,Oicha,Kambala,,,,suppressed
2026-04,Oicha,Kilo,,,,suppressed
2026-04,Oicha,Lita,,,,suppressed
2026-04,Oicha,Logo,,,,suppressed
2026-04,Oicha,Lolwa,,,,suppressed
2026-04,Oicha,Lubunga,,,,suppressed
2026-04,Oicha,Mahagi,,,,suppressed
2026-04,Oicha,Makiso-Kisangani,,,,suppressed
2026-04,Oicha,Mangobo,,,,suppressed
2026-04,Oicha,Nizi,,,,suppressed
2026-04,Oicha,Nyankunde,,,,suppressed
2026-04,Oicha,Pawa,,,,suppressed
2026-04,Oicha,Rimba,,,,suppressed
2026-04,Oicha,Rungu,,,,suppressed
2026-04,Oicha,Tchomia,,,,suppressed
2026-04,Oicha,Wamba,,,,suppressed
2026-04,Oicha,Wanie-Rukula,,,,suppressed
2026-04,Pawa,Wamba,1710,1136,2574,ok
2026-04,Pawa,Isiro,479,323,711,ok
2026-04,Pawa,Boma Mangbetu,316,165,606,ok
2026-04,Pawa,Nia-Nia,137,106,177,ok
2026-04,Pawa,Katwa,69,47,101,ok
2026-04,Pawa,Rungu,24,,42,ok
2026-04,Pawa,Ariwara,18,,25,ok
2026-04,Pawa,Aru,,,,suppressed
2026-04,Pawa,Aungba,,,,suppressed
2026-04,Pawa,Bambu,,,,suppressed
2026-04,Pawa,Beni,,,,suppressed
2026-04,Pawa,Boga,,,,suppressed
2026-04,Pawa,Bunia,,,,suppressed
2026-04,Pawa,Butembo,,,,suppressed
2026-04,Pawa,Damas,,,,suppressed
2026-04,Pawa,Drodro,,,,suppressed
2026-04,Pawa,Fataki,,,,suppressed
2026-04,Pawa,Goma,,,,suppressed
2026-04,Pawa,Kabondo,,,,suppressed
2026-04,Pawa,Kalunguta,,,,suppressed
2026-04,Pawa,Kambala,,,,suppressed
2026-04,Pawa,Komanda,,,,suppressed
2026-04,Pawa,Kyondo,,,,suppressed
2026-04,Pawa,Lita,,,,suppressed
2026-04,Pawa,Logo,,,,suppressed
2026-04,Pawa,Lolwa,,,,suppressed
2026-04,Pawa,Lubero,,,,suppressed
2026-04,Pawa,Lubunga,,,,suppressed
2026-04,Pawa,Mabalako,,,,suppressed
2026-04,Pawa,Mahagi,,,,suppressed
2026-04,Pawa,Makiso-Kisangani,,,,suppressed
2026-04,Pawa,Mambasa,,,,suppressed
2026-04,Pawa,Mandima,,,,suppressed
2026-04,Pawa,Mangobo,,,,suppressed
2026-04,Pawa,Masereka,,,,suppressed
2026-04,Pawa,Mongbwalu,,,,suppressed
2026-04,Pawa,Musienene,,,,suppressed
2026-04,Pawa,Nizi,,,,suppressed
2026-04,Pawa,Nyankunde,,,,suppressed
2026-04,Pawa,Oicha,,,,suppressed
2026-04,Pawa,Rimba,,,,suppressed
2026-04,Pawa,Rwampara,,,,suppressed
2026-04,Pawa,Tchomia,,,,suppressed
2026-04,Pawa,Wanie-Rukula,,,,suppressed
2026-04,Rimba,Logo,2418,1579,3704,ok
2026-04,Rimba,Mahagi,515,362,734,ok
2026-04,Rimba,Kambala,403,232,699,ok
2026-04,Rimba,Mongbwalu,303,222,413,ok
2026-04,Rimba,Aungba,130,82,206,ok
2026-04,Rimba,Bunia,84,64,110,ok
2026-04,Rimba,Fataki,36,23,56,ok
2026-04,Rimba,Damas,27,16,45,ok
2026-04,Rimba,Rwampara,25,19,33,ok
2026-04,Rimba,Bambu,21,,32,ok
2026-04,Rimba,Isiro,17,,26,ok
2026-04,Rimba,Nizi,16,,21,ok
2026-04,Rimba,Adja,,,,suppressed
2026-04,Rimba,Ariwara,,,,suppressed
2026-04,Rimba,Aru,,,,suppressed
2026-04,Rimba,Beni,,,,suppressed
2026-04,Rimba,Boga,,,,suppressed
2026-04,Rimba,Butembo,,,,suppressed
2026-04,Rimba,Drodro,,,,suppressed
2026-04,Rimba,Gety,,,,suppressed
2026-04,Rimba,Goma,,,,suppressed
2026-04,Rimba,Kabondo,,,,suppressed
2026-04,Rimba,Katwa,,,,suppressed
2026-04,Rimba,Komanda,,,,suppressed
2026-04,Rimba,Kyondo,,,,suppressed
2026-04,Rimba,Lita,,,,suppressed
2026-04,Rimba,Lolwa,,,,suppressed
2026-04,Rimba,Makiso-Kisangani,,,,suppressed
2026-04,Rimba,Mambasa,,,,suppressed
2026-04,Rimba,Mandima,,,,suppressed
2026-04,Rimba,Mangobo,,,,suppressed
2026-04,Rimba,Masereka,,,,suppressed
2026-04,Rimba,Musienene,,,,suppressed
2026-04,Rimba,Nia-Nia,,,,suppressed
2026-04,Rimba,Nyankunde,,,,suppressed
2026-04,Rimba,Pawa,,,,suppressed
2026-04,Rimba,Rungu,,,,suppressed
2026-04,Rimba,Tchomia,,,,suppressed
2026-04,Rimba,Wamba,,,,suppressed
2026-04,Rungu,Isiro,410,250,673,ok
2026-04,Rungu,Pawa,196,109,352,ok
2026-04,Rungu,Nia-Nia,59,41,84,ok
2026-04,Rungu,Wamba,29,18,48,ok
2026-04,Rungu,Boma Mangbetu,18,,38,ok
2026-04,Rungu,Ariwara,,,,suppressed
2026-04,Rungu,Aru,,,,suppressed
2026-04,Rungu,Aungba,,,,suppressed
2026-04,Rungu,Beni,,,,suppressed
2026-04,Rungu,Boga,,,,suppressed
2026-04,Rungu,Bunia,,,,suppressed
2026-04,Rungu,Butembo,,,,suppressed
2026-04,Rungu,Damas,,,,suppressed
2026-04,Rungu,Goma,,,,suppressed
2026-04,Rungu,Kabondo,,,,suppressed
2026-04,Rungu,Kalunguta,,,,suppressed
2026-04,Rungu,Kambala,,,,suppressed
2026-04,Rungu,Katwa,,,,suppressed
2026-04,Rungu,Komanda,,,,suppressed
2026-04,Rungu,Kyondo,,,,suppressed
2026-04,Rungu,Logo,,,,suppressed
2026-04,Rungu,Mabalako,,,,suppressed
2026-04,Rungu,Mahagi,,,,suppressed
2026-04,Rungu,Makiso-Kisangani,,,,suppressed
2026-04,Rungu,Mambasa,,,,suppressed
2026-04,Rungu,Mandima,,,,suppressed
2026-04,Rungu,Mangobo,,,,suppressed
2026-04,Rungu,Masereka,,,,suppressed
2026-04,Rungu,Mongbwalu,,,,suppressed
2026-04,Rungu,Musienene,,,,suppressed
2026-04,Rungu,Nizi,,,,suppressed
2026-04,Rungu,Nyankunde,,,,suppressed
2026-04,Rungu,Oicha,,,,suppressed
2026-04,Rungu,Rimba,,,,suppressed
2026-04,Rungu,Rwampara,,,,suppressed
2026-04,Rungu,Tchomia,,,,suppressed
2026-04,Rwampara,Bunia,3802,3589,4029,ok
2026-04,Rwampara,Lita,1070,858,1335,ok
2026-04,Rwampara,Tchomia,691,587,814,ok
2026-04,Rwampara,Mongbwalu,474,436,516,ok
2026-04,Rwampara,Nizi,471,424,523,ok
2026-04,Rwampara,Nyankunde,352,280,444,ok
2026-04,Rwampara,Bambu,351,287,430,ok
2026-04,Rwampara,Gety,278,212,363,ok
2026-04,Rwampara,Komanda,212,175,257,ok
2026-04,Rwampara,Katwa,151,128,179,ok
2026-04,Rwampara,Beni,108,89,131,ok
2026-04,Rwampara,Drodro,96,74,125,ok
2026-04,Rwampara,Mambasa,62,54,71,ok
2026-04,Rwampara,Mahagi,56,49,64,ok
2026-04,Rwampara,Logo,55,44,68,ok
2026-04,Rwampara,Boga,45,35,58,ok
2026-04,Rwampara,Fataki,40,32,50,ok
2026-04,Rwampara,Makiso-Kisangani,38,35,40,ok
2026-04,Rwampara,Aru,37,32,43,ok
2026-04,Rwampara,Butembo,36,28,46,ok
2026-04,Rwampara,Damas,34,25,46,ok
2026-04,Rwampara,Musienene,34,26,46,ok
2026-04,Rwampara,Ariwara,31,27,35,ok
2026-04,Rwampara,Goma,26,20,33,ok
2026-04,Rwampara,Mandima,26,22,31,ok
2026-04,Rwampara,Oicha,26,20,35,ok
2026-04,Rwampara,Isiro,17,15,21,ok
2026-04,Rwampara,Kyondo,17,,23,ok
2026-04,Rwampara,Rimba,17,,22,ok
2026-04,Rwampara,Wamba,16,,20,ok
2026-04,Rwampara,Adja,,,,suppressed
2026-04,Rwampara,Aungba,,,,suppressed
2026-04,Rwampara,Boma Mangbetu,,,,suppressed
2026-04,Rwampara,Kabondo,,,,suppressed
2026-04,Rwampara,Kalunguta,,,,suppressed
2026-04,Rwampara,Kambala,,,,suppressed
2026-04,Rwampara,Kilo,,,,suppressed
2026-04,Rwampara,Lolwa,,,,suppressed
2026-04,Rwampara,Lubero,,,,suppressed
2026-04,Rwampara,Lubunga,,,,suppressed
2026-04,Rwampara,Mabalako,,,,suppressed
2026-04,Rwampara,Mangobo,,,,suppressed
2026-04,Rwampara,Masereka,,,,suppressed
2026-04,Rwampara,Miti-Murhesa,,,,suppressed
2026-04,Rwampara,Nia-Nia,,,,suppressed
2026-04,Rwampara,Pawa,,,,suppressed
2026-04,Rwampara,Rungu,,,,suppressed
2026-04,Rwampara,Wanie-Rukula,,,,suppressed
2026-04,Tchomia,Rwampara,646,548,761,ok
2026-04,Tchomia,Bunia,529,453,619,ok
2026-04,Tchomia,Mongbwalu,57,47,68,ok
2026-04,Tchomia,Gety,52,36,75,ok
2026-04,Tchomia,Lita,48,35,66,ok
2026-04,Tchomia,Drodro,42,29,60,ok
2026-04,Tchomia,Nizi,33,27,40,ok
2026-04,Tchomia,Bambu,27,20,36,ok
2026-04,Tchomia,Komanda,21,16,28,ok
2026-04,Tchomia,Nyankunde,19,,26,ok
2026-04,Tchomia,Katwa,18,,23,ok
2026-04,Tchomia,Beni,17,,23,ok
2026-04,Tchomia,Ariwara,,,,suppressed
2026-04,Tchomia,Aru,,,,suppressed
2026-04,Tchomia,Aungba,,,,suppressed
2026-04,Tchomia,Boga,,,,suppressed
2026-04,Tchomia,Boma Mangbetu,,,,suppressed
2026-04,Tchomia,Butembo,,,,suppressed
2026-04,Tchomia,Damas,,,,suppressed
2026-04,Tchomia,Fataki,,,,suppressed
2026-04,Tchomia,Goma,,,,suppressed
2026-04,Tchomia,Isiro,,,,suppressed
2026-04,Tchomia,Kabondo,,,,suppressed
2026-04,Tchomia,Kalunguta,,,,suppressed
2026-04,Tchomia,Kambala,,,,suppressed
2026-04,Tchomia,Kilo,,,,suppressed
2026-04,Tchomia,Kyondo,,,,suppressed
2026-04,Tchomia,Logo,,,,suppressed
2026-04,Tchomia,Lolwa,,,,suppressed
2026-04,Tchomia,Lubero,,,,suppressed
2026-04,Tchomia,Lubunga,,,,suppressed
2026-04,Tchomia,Mabalako,,,,suppressed
2026-04,Tchomia,Mahagi,,,,suppressed
2026-04,Tchomia,Makiso-Kisangani,,,,suppressed
2026-04,Tchomia,Mambasa,,,,suppressed
2026-04,Tchomia,Mandima,,,,suppressed
2026-04,Tchomia,Mangobo,,,,suppressed
2026-04,Tchomia,Masereka,,,,suppressed
2026-04,Tchomia,Musienene,,,,suppressed
2026-04,Tchomia,Nia-Nia,,,,suppressed
2026-04,Tchomia,Oicha,,,,suppressed
2026-04,Tchomia,Pawa,,,,suppressed
2026-04,Tchomia,Rimba,,,,suppressed
2026-04,Tchomia,Rungu,,,,suppressed
2026-04,Tchomia,Wamba,,,,suppressed
2026-04,Tchomia,Wanie-Rukula,,,,suppressed
2026-04,Wamba,Pawa,2033,1351,3060,ok
2026-04,Wamba,Isiro,1470,1071,2017,ok
2026-04,Wamba,Nia-Nia,958,802,1145,ok
2026-04,Wamba,Boma Mangbetu,471,265,838,ok
2026-04,Wamba,Katwa,364,269,491,ok
2026-04,Wamba,Butembo,128,87,188,ok
2026-04,Wamba,Makiso-Kisangani,124,101,153,ok
2026-04,Wamba,Musienene,123,80,189,ok
2026-04,Wamba,Kabondo,115,88,150,ok
2026-04,Wamba,Rungu,61,37,101,ok
2026-04,Wamba,Beni,57,41,79,ok
2026-04,Wamba,Mangobo,37,27,51,ok
2026-04,Wamba,Lubero,32,20,51,ok
2026-04,Wamba,Mambasa,30,23,38,ok
2026-04,Wamba,Mandima,29,21,38,ok
2026-04,Wamba,Oicha,24,16,36,ok
2026-04,Wamba,Kyondo,23,15,36,ok
2026-04,Wamba,Bunia,22,18,26,ok
2026-04,Wamba,Kalunguta,19,,30,ok
2026-04,Wamba,Rwampara,16,,20,ok
2026-04,Wamba,Ariwara,,,,suppressed
2026-04,Wamba,Aru,,,,suppressed
2026-04,Wamba,Aungba,,,,suppressed
2026-04,Wamba,Bambu,,,,suppressed
2026-04,Wamba,Boga,,,,suppressed
2026-04,Wamba,Damas,,,,suppressed
2026-04,Wamba,Drodro,,,,suppressed
2026-04,Wamba,Fataki,,,,suppressed
2026-04,Wamba,Gety,,,,suppressed
2026-04,Wamba,Goma,,,,suppressed
2026-04,Wamba,Komanda,,,,suppressed
2026-04,Wamba,Lita,,,,suppressed
2026-04,Wamba,Logo,,,,suppressed
2026-04,Wamba,Lolwa,,,,suppressed
2026-04,Wamba,Lubunga,,,,suppressed
2026-04,Wamba,Mabalako,,,,suppressed
2026-04,Wamba,Mahagi,,,,suppressed
2026-04,Wamba,Masereka,,,,suppressed
2026-04,Wamba,Miti-Murhesa,,,,suppressed
2026-04,Wamba,Mongbwalu,,,,suppressed
2026-04,Wamba,Nizi,,,,suppressed
2026-04,Wamba,Nyankunde,,,,suppressed
2026-04,Wamba,Tchomia,,,,suppressed
2026-04,Wamba,Wanie-Rukula,,,,suppressed
2026-04,Wanie-Rukula,Makiso-Kisangani,148,98,223,ok
2026-04,Wanie-Rukula,Kabondo,98,62,157,ok
2026-04,Wanie-Rukula,Mangobo,41,24,69,ok
2026-04,Wanie-Rukula,Lubunga,19,,35,ok
2026-04,Wanie-Rukula,Ariwara,,,,suppressed
2026-04,Wanie-Rukula,Aru,,,,suppressed
2026-04,Wanie-Rukula,Beni,,,,suppressed
2026-04,Wanie-Rukula,Boga,,,,suppressed
2026-04,Wanie-Rukula,Bunia,,,,suppressed
2026-04,Wanie-Rukula,Butembo,,,,suppressed
2026-04,Wanie-Rukula,Goma,,,,suppressed
2026-04,Wanie-Rukula,Isiro,,,,suppressed
2026-04,Wanie-Rukula,Kalunguta,,,,suppressed
2026-04,Wanie-Rukula,Katwa,,,,suppressed
2026-04,Wanie-Rukula,Komanda,,,,suppressed
2026-04,Wanie-Rukula,Kyondo,,,,suppressed
2026-04,Wanie-Rukula,Lita,,,,suppressed
2026-04,Wanie-Rukula,Lolwa,,,,suppressed
2026-04,Wanie-Rukula,Lubero,,,,suppressed
2026-04,Wanie-Rukula,Mabalako,,,,suppressed
2026-04,Wanie-Rukula,Mahagi,,,,suppressed
2026-04,Wanie-Rukula,Mambasa,,,,suppressed
2026-04,Wanie-Rukula,Mandima,,,,suppressed
2026-04,Wanie-Rukula,Masereka,,,,suppressed
2026-04,Wanie-Rukula,Mongbwalu,,,,suppressed
2026-04,Wanie-Rukula,Musienene,,,,suppressed
2026-04,Wanie-Rukula,Nia-Nia,,,,suppressed
2026-04,Wanie-Rukula,Nizi,,,,suppressed
2026-04,Wanie-Rukula,Nyankunde,,,,suppressed
2026-04,Wanie-Rukula,Oicha,,,,suppressed
2026-04,Wanie-Rukula,Pawa,,,,suppressed
2026-04,Wanie-Rukula,Rwampara,,,,suppressed
2026-04,Wanie-Rukula,Tchomia,,,,suppressed
2026-04,Wanie-Rukula,Wamba,,,,suppressed
